,,edge_flow
APOPTOSIS,CASPASE ACTIVATION,0.013391739674593242
APOPTOSIS,FLOW CYTOMETRY,0.013391739674593242
APOPTOSIS,DOWN-REGULATION,0.013391739674593242
APOPTOSIS,BAX,0.013391739674593242
APOPTOSIS,FAS/FASL,0.013391739674593242
APOPTOSIS,FAS,0.013391739674593242
APOPTOSIS,FASL,0.013391739674593242
APOPTOSIS,AMPK PHOSPHORYLATION,0.013391739674593242
APOPTOSIS,GENETIC SILENCING OF Α-ENOLASE,0.013391739674593242
APOPTOSIS,OVEREXPRESSION OF WILD-TYPE Α-ENOLASE,0.013391739674593242
APOPTOSIS,OVEREXPRESSION OF CATALYTICALLY INACTIVE Α-ENOLASE,0.013391739674593242
APOPTOSIS,PRIMARY CULTURED RAT CARDIOMYOCYTES,0.013391739674593242
APOPTOSIS,FACS FLOW CYTOMETRY,0.013391739674593242
APOPTOSIS,PRODRUG TREATMENT WITH GCV,0.013391739674593242
APOPTOSIS,GENE SILENCING,0.013391739674593242
APOPTOSIS,MM CELL GROWTH,0.013391739674593242
APOPTOSIS,INFLAMMATORY PROCESS,0.013391739674593242
APOPTOSIS,SIMULATED INFLAMMATORY CONDITIONS,0.013391739674593242
APOPTOSIS,OXIDATIVE STRESS,0.013391739674593242
APOPTOSIS,CELL VIABILITY,0.013391739674593242
APOPTOSIS,DNA FRAGMENTATION,0.013391739674593242
APOPTOSIS,CASPASE-9 ACTIVATION,0.013391739674593242
APOPTOSIS,4 GY RADIATION,0.013391739674593242
APOPTOSIS,RADIOPROTECTIVE EFFECT,0.013391739674593242
APOPTOSIS,CLEAVED CASPASE-3,0.013391739674593242
APOPTOSIS,BCL-2,0.013391739674593242
APOPTOSIS,BCL-XL,0.013391739674593242
APOPTOSIS,TRASTUZUMAB-MEDIATED GROWTH SUPPRESSION,0.013391739674593242
APOPTOSIS,ISCHEMIC CARDIOMYOPATHY,0.013391739674593242
APOPTOSIS,AUTOPHAGOSOME ACCUMULATION,0.013391739674593242
APOPTOSIS,TUNEL ASSAY,0.013391739674593242
APOPTOSIS,ANNEXIN-V/PI APOPTOTIC ASSAY,0.013391739674593242
APOPTOSIS,RACK1 SILENCING,0.013391739674593242
APOPTOSIS,SODIUM NITROPRUSSIDE (SNP),0.013391739674593242
APOPTOSIS,ANNEXIN V/PROPIUM IODIDE STAINING (AV/PI),0.013391739674593242
APOPTOSIS,MITOCHONDRIAL MEMBRANE POTENTIAL (MMP),0.013391739674593242
APOPTOSIS,ANNEXIN V-FITC/PI DOUBLE STAINING,0.013391739674593242
APOPTOSIS,PRO-CASPASE-3,0.013391739674593242
APOPTOSIS,ALVEOLAR MACROPHAGES,0.013391739674593242
APOPTOSIS,TUMORIGENESIS,0.013391739674593242
APOPTOSIS,IRRADIATION,0.013391739674593242
APOPTOSIS,RADIOSENSITIVITY,0.013391739674593242
APOPTOSIS,PI-POSITIVE CELLS,0.013391739674593242
APOPTOSIS,DNA DEMETHYLATION,0.013391739674593242
APOPTOSIS,CASPASE-3,0.013391739674593242
APOPTOSIS,PHOSPHATIDYLSERINE EXTERNALIZATION,0.013391739674593242
APOPTOSIS,BAX/BCL-2 RATIO,0.013391739674593242
APOPTOSIS,CLEAVED PARP,0.013391739674593242
APOPTOSIS,P53 (TUMOR SUPPRESSOR GENE),0.013391739674593242
APOPTOSIS,MITOCHONDRIAL-MEDIATED APOPTOSIS,0.013391739674593242
APOPTOSIS,EXPERIMENT 2,0.013391739674593242
APOPTOSIS,IMMUNOFLUORESCENT COSTAINING,0.013391739674593242
APOPTOSIS,APOPTOTIC MARKERS,0.013391739674593242
APOPTOSIS,KNOCKDOWN OF MIR-221 IN 5-FU RESISTANT CELLS,0.013391739674593242
APOPTOSIS,S100A3-SPECIFIC SIRNA TREATMENT,0.013391739674593242
APOPTOSIS,RECQL1(-) CELLS,0.013391739674593242
APOPTOSIS,MAMMALIAN STERILE 20-LIKE KINASE 1 (MST1 / STK4),0.013391739674593242
APOPTOSIS,MST1 OVEREXPRESSION,0.013391739674593242
APOPTOSIS,MST1 KNOCKOUT,0.013391739674593242
APOPTOSIS,CLEAVED CASPASE 3 / CASPASE 3/7 ACTIVITY,0.013391739674593242
APOPTOSIS,CELL VIABILITY REDUCTION,0.013391739674593242
APOPTOSIS,AUTOPHAGIC CELL DEATH PATHWAY,0.013391739674593242
APOPTOSIS,CHOP KNOCKDOWN BY SIRNA,0.013391739674593242
APOPTOSIS,CASPASES (FAMILY),0.013391739674593242
APOPTOSIS,DAPI STAINING,0.013391739674593242
APOPTOSIS,ROS PRODUCTION,0.013391739674593242
APOPTOSIS,CYTOCHROME C RELEASE,0.013391739674593242
APOPTOSIS,CYTOCHROME C,0.013391739674593242
WESTERN BLOT,BETA-ACTIN,0.022210690192008303
WESTERN BLOT,SMC-4 PROTEIN,0.022210690192008303
WESTERN BLOT,THE STUDY (DOCUMENT 25439526),0.022210690192008303
WESTERN BLOT,HUMAN MM CELLS,0.022210690192008303
WESTERN BLOT,POLY-ADP-RIBOSE POLYMERASE (PARP) / CLEAVED PARP,0.022210690192008303
WESTERN BLOT,CLEAVED CASPASE-3,0.022210690192008303
WESTERN BLOT,PECAM-1,0.022210690192008303
WESTERN BLOT,SMOOTH MUSCLE ACTIN (SMA),0.022210690192008303
WESTERN BLOT,PRIMARY AML CELLS,0.022210690192008303
WESTERN BLOT,IBA1,0.022210690192008303
WESTERN BLOT,PANNEXIN,0.022210690192008303
WESTERN BLOT,CONNEXIN 32,0.022210690192008303
WESTERN BLOT,PROTEINS,0.022210690192008303
WESTERN BLOT,PROTEIN DEGRADATION,0.022210690192008303
WESTERN BLOT,IN VITRO STUDY,0.022210690192008303
WESTERN BLOT,PCNA (PROLIFERATING CELL NUCLEAR ANTIGEN),0.022210690192008303
WESTERN BLOT,ERK1/2 (EXTRACELLULAR SIGNAL‑REGULATED KINASES 1/2),0.022210690192008303
WESTERN BLOT,RADIATION-INDUCED GENES,0.022210690192008303
WESTERN BLOT,P-AKT (PHOSPHORYLATED AKT),0.022210690192008303
WESTERN BLOT,LC3,0.022210690192008303
WESTERN BLOT,BECLIN1,0.022210690192008303
WESTERN BLOT,PROTEIN EXPRESSION,0.022210690192008303
WESTERN BLOT,STUDY,0.022210690192008303
WESTERN BLOT,COL1A1 (COLLAGEN TYPE 1 ALPHA 1),0.022210690192008303
WESTERN BLOT,COL4A1 (COLLAGEN TYPE 4 ALPHA 1),0.022210690192008303
WESTERN BLOT,LAMC1 (LAMININ GAMMA 1),0.022210690192008303
WESTERN BLOT,E-CADHERIN,0.022210690192008303
WESTERN BLOT,KERATIN,0.022210690192008303
WESTERN BLOT,N-CADHERIN,0.022210690192008303
WESTERN BLOT,VIMENTIN,0.022210690192008303
WESTERN BLOT,P-AKT,0.022210690192008303
WESTERN BLOT,P-ERK,0.022210690192008303
WESTERN BLOT,ZEB1,0.022210690192008303
WESTERN BLOT,A2780,0.022210690192008303
WESTERN BLOT,SKOV3,0.022210690192008303
WESTERN BLOT,CASPASE ACTIVATION,0.022210690192008303
WESTERN BLOT,BAX,0.022210690192008303
WESTERN BLOT,BCL-2,0.022210690192008303
WESTERN BLOT,BCL-XL,0.022210690192008303
WESTERN BLOT,SUBCUTANEOUS ADIPOSE TISSUE (SAT),0.022210690192008303
WESTERN BLOT,ACHN CELLS,0.022210690192008303
IMMUNOHISTOCHEMISTRY,IMMUNOREACTIVE SCORE,0.02026342451874367
IMMUNOHISTOCHEMISTRY,PARAFFIN-EMBEDDED TUMOR SAMPLES,0.02026342451874367
IMMUNOHISTOCHEMISTRY,EXPRESSION ANALYSIS,0.02026342451874367
IMMUNOHISTOCHEMISTRY,STUDY OF CADHERIN EXPRESSION,0.02026342451874367
IMMUNOHISTOCHEMISTRY,PROTEIN OVEREXPRESSION,0.02026342451874367
IMMUNOHISTOCHEMISTRY,PULMONARY VESSEL NUMBER,0.02026342451874367
IMMUNOHISTOCHEMISTRY,NEONATAL RAT MODEL,0.02026342451874367
IMMUNOHISTOCHEMISTRY,METASTATIC MALIGNANCY,0.02026342451874367
IMMUNOHISTOCHEMISTRY,BIOPSY SPECIMEN,0.02026342451874367
IMMUNOHISTOCHEMISTRY,PROTEIN EXPRESSION,0.02026342451874367
IMMUNOHISTOCHEMISTRY,PATIENT COHORT (96 ENKTL PATIENTS),0.02026342451874367
IMMUNOHISTOCHEMISTRY,RABBIT ANTI-BRCA1 POLYCLONAL ANTIBODY,0.02026342451874367
IMMUNOHISTOCHEMISTRY,SEMIQUANTITATIVE ASSESSMENT,0.02026342451874367
IMMUNOHISTOCHEMISTRY,PROTEIN PHOSPHATASE PP5,0.02026342451874367
IMMUNOHISTOCHEMISTRY,QUANTITATIVE REAL-TIME POLYMERASE CHAIN REACTION (QRT-PCR),0.02026342451874367
IMMUNOHISTOCHEMISTRY,PATIENTS (COHORT),0.02026342451874367
IMMUNOHISTOCHEMISTRY,TISSUE SAMPLES,0.02026342451874367
IMMUNOHISTOCHEMISTRY,STUDY COHORT (67 CSCC SAMPLES),0.02026342451874367
IMMUNOHISTOCHEMISTRY,DUSP6 EXPRESSION,0.02026342451874367
IMMUNOHISTOCHEMISTRY,TOTAL P63 EXPRESSION,0.02026342451874367
IMMUNOHISTOCHEMISTRY,P53 EXPRESSION,0.02026342451874367
IMMUNOHISTOCHEMISTRY,ΔNP63 EXPRESSION LOSS,0.02026342451874367
IMMUNOHISTOCHEMISTRY,170 PATIENTS,0.02026342451874367
IMMUNOHISTOCHEMISTRY,PHOSPHO-TAU IMMUNOREACTIVE CELLS,0.02026342451874367
IMMUNOHISTOCHEMISTRY,TYROSINE HYDROXYLASE (TH),0.02026342451874367
IMMUNOHISTOCHEMISTRY,REGULATION OF SIGLEC-10 AND CD24 EXPRESSION,0.02026342451874367
IMMUNOHISTOCHEMISTRY,CYTOKERATIN STAINING,0.02026342451874367
IMMUNOHISTOCHEMISTRY,HISTOLOGICAL EVALUATION,0.02026342451874367
IMMUNOHISTOCHEMISTRY,MACROPHAGE-LIKE CELLS,0.02026342451874367
IMMUNOHISTOCHEMISTRY,CALCITONIN GENE-RELATED PEPTIDE (CGRP),0.02026342451874367
IMMUNOHISTOCHEMISTRY,STUDY COHORT (111 NSCLC PATIENTS),0.02026342451874367
IMMUNOHISTOCHEMISTRY,TUMOR SECTIONS,0.02026342451874367
IMMUNOHISTOCHEMISTRY,HUMAN EAC TUMOR SPECIMENS,0.02026342451874367
IMMUNOHISTOCHEMISTRY,PATIENTS,0.02026342451874367
IMMUNOHISTOCHEMISTRY,ADJACENT LIVER TISSUE,0.02026342451874367
IMMUNOHISTOCHEMISTRY,TUMOR-INFILTRATING IMMUNE CELLS,0.02026342451874367
IMMUNOHISTOCHEMISTRY,COHORT OF 121 BREAST CANCER PATIENTS,0.02026342451874367
IMMUNOHISTOCHEMISTRY,COHORT OF 102 ESCC SAMPLES,0.02026342451874367
IMMUNOHISTOCHEMISTRY,HEME OXYGENASE-1 (HO-1),0.02026342451874367
IMMUNOHISTOCHEMISTRY,NAD(P)H:QUINONE OXIDOREDUCTASE 1 (NQO1),0.02026342451874367
IMMUNOHISTOCHEMISTRY,GLUTAMATE-CYSTEINE LIGASE CATALYTIC SUBUNIT (GCLC),0.02026342451874367
IMMUNOHISTOCHEMISTRY,SUBCUTANEOUS ADIPOSE TISSUE (SAT),0.02026342451874367
FLOW CYTOMETRY,SINGLE-CELL SUSPENSIONS,0.025
FLOW CYTOMETRY,ILC2 FREQUENCIES,0.025
FLOW CYTOMETRY,"ILC2 PHENOTYPIC MARKERS (CD45+, LIN-, CD127+, CD4-, CD8-, CRTH2/CD294+, CD161+)",0.025
FLOW CYTOMETRY,LYMPHOCYTES,0.025
FLOW CYTOMETRY,CELL CYCLE DISTRIBUTION / G2 PHASE ARREST,0.025
FLOW CYTOMETRY,STUDY,0.025
FLOW CYTOMETRY,SURFACE MARKERS,0.025
FLOW CYTOMETRY,PERIPHERAL BLOOD MONONUCLEAR CELLS,0.025
FLOW CYTOMETRY,PHOSPHORYLATION,0.025
FLOW CYTOMETRY,EXPRESSION,0.025
FLOW CYTOMETRY,MONONUCLEAR LEUKOCYTES,0.025
FLOW CYTOMETRY,MONOCYTE SUBSETS (CD14/CD16),0.025
FLOW CYTOMETRY,PROTEIN PHOSPHATASE PP5,0.025
FLOW CYTOMETRY,G1 PHASE,0.025
FLOW CYTOMETRY,S PHASE,0.025
FLOW CYTOMETRY,G2/M PHASE ARREST,0.025
FLOW CYTOMETRY,LONGITUDINAL STUDY (20 CHRONIC HCV PATIENTS),0.025
FLOW CYTOMETRY,REGULATION OF SIGLEC-10 AND CD24 EXPRESSION,0.025
FLOW CYTOMETRY,CELL CYCLE ARREST,0.025
FLOW CYTOMETRY,CELL CYCLE ARREST IN S PHASE,0.025
FLOW CYTOMETRY,APOPTOSIS,0.025
FLOW CYTOMETRY,PI-POSITIVE CELLS,0.025
FLOW CYTOMETRY,MITOCHONDRIAL DEPOLARIZATION,0.025
FLOW CYTOMETRY,DNA FRAGMENTATION,0.025
FLOW CYTOMETRY,DNA CONTENT,0.025
FLOW CYTOMETRY,POSITIVE EXPRESSION RATE (3.5% ± 0.4%),0.025
FLOW CYTOMETRY,CELL CYCLE,0.025
FLOW CYTOMETRY,BECTON DICKINSON,0.025
FLOW CYTOMETRY,CD33,0.025
FLOW CYTOMETRY,TREM1,0.025
FLOW CYTOMETRY,TREM2,0.025
FLOW CYTOMETRY,TREML2,0.025
FLOW CYTOMETRY,TYROBP,0.025
FLOW CYTOMETRY,PTK2B,0.025
FLOW CYTOMETRY,IN VITRO FUNCTIONAL ASSAYS,0.025
FLOW CYTOMETRY,ANNEXIN V-FITC AND PROPIDIUM IODIDE (PI) STAINING,0.025
FLOW CYTOMETRY,MUTATION RATES,0.025
FLOW CYTOMETRY,M1 MARKERS,0.025
FLOW CYTOMETRY,M2 MARKERS,0.025
FLOW CYTOMETRY,ACHN CELLS,0.025
OXIDATIVE STRESS,LDL-C METABOLISM,0.031010848540913294
OXIDATIVE STRESS,PM-ASSOCIATED METALS,0.031010848540913294
OXIDATIVE STRESS,STEEL PLANT WORKERS,0.031010848540913294
OXIDATIVE STRESS,SUPEROXIDE DISMUTASE (SOD) ACTIVITY,0.031010848540913294
OXIDATIVE STRESS,MALONDIALDEHYDE (MDA),0.031010848540913294
OXIDATIVE STRESS,LIPID PEROXIDATION,0.031010848540913294
OXIDATIVE STRESS,NRF2,0.031010848540913294
OXIDATIVE STRESS,MELATONIN,0.031010848540913294
OXIDATIVE STRESS,REACTIVE OXYGEN SPECIES (ROS),0.031010848540913294
OXIDATIVE STRESS,MITOCHONDRIAL GENOME,0.031010848540913294
OXIDATIVE STRESS,S. CEREVISIAE,0.031010848540913294
OXIDATIVE STRESS,DEHYDRATION TOLERANCE,0.031010848540913294
OXIDATIVE STRESS,INDUSTRIAL STEPS,0.031010848540913294
OXIDATIVE STRESS,NEURODEGENERATIVE DISEASES,0.031010848540913294
OXIDATIVE STRESS,ALZHEIMER'S DISEASE,0.031010848540913294
OXIDATIVE STRESS,CELL TOXICITY,0.031010848540913294
OXIDATIVE STRESS,PROGRANULIN (PGRN),0.031010848540913294
OXIDATIVE STRESS,HYDROGEN PEROXIDE (H2O2),0.031010848540913294
OXIDATIVE STRESS,MONOCROTALINE (MCT),0.031010848540913294
OXIDATIVE STRESS,ELLAGIC ACID (EA),0.031010848540913294
OXIDATIVE STRESS,NAFLD,0.031010848540913294
OXIDATIVE STRESS,REACTIVE OXYGEN SPECIES,0.031010848540913294
OXIDATIVE STRESS,NOCTURNAL HYPOXIA,0.031010848540913294
OXIDATIVE STRESS,PRO-ATHEROGENIC BIOMARKERS,0.031010848540913294
OXIDATIVE STRESS,LIFE CYCLE OF BACTERIA,0.031010848540913294
OXIDATIVE STRESS,OXIDIZED PHOSPHATIDYLCHOLINE COMPOUND,0.031010848540913294
OXIDATIVE STRESS,RETINAL PIGMENT EPITHELIAL (RPE) CELLS,0.031010848540913294
OXIDATIVE STRESS,AGE-RELATED MACULAR DEGENERATION (AMD),0.031010848540913294
OXIDATIVE STRESS,H2O2 (HYDROGEN PEROXIDE),0.031010848540913294
OXIDATIVE STRESS,P-AKT (PHOSPHORYLATED AKT),0.031010848540913294
OXIDATIVE STRESS,HEPATOCYTE APOPTOSIS,0.031010848540913294
OXIDATIVE STRESS,MITOCHONDRIAL DYSFUNCTION,0.031010848540913294
OXIDATIVE STRESS,MITOCHONDRIAL SWELLING AND CRISTAE ABNORMALITIES,0.031010848540913294
OXIDATIVE STRESS,AUTOIMMUNE PHENOMENA,0.031010848540913294
OXIDATIVE STRESS,JOINT DESTRUCTION,0.031010848540913294
OXIDATIVE STRESS,RADICAL SPECIES,0.031010848540913294
OXIDATIVE STRESS,NITRIC OXIDE,0.031010848540913294
OXIDATIVE STRESS,MGCLC,0.031010848540913294
OXIDATIVE STRESS,LDGCLC,0.031010848540913294
OXIDATIVE STRESS,NF-ΚB,0.031010848540913294
OXIDATIVE STRESS,LIPID PEROXIDATION (LPO),0.031010848540913294
OXIDATIVE STRESS,NITRIC OXIDE CONCENTRATION,0.031010848540913294
OXIDATIVE STRESS,TOTAL ANTIOXIDANT CAPACITY,0.031010848540913294
OXIDATIVE STRESS,NEUROTOXIC EFFECTS,0.031010848540913294
OXIDATIVE STRESS,TOXICOLOGICAL ENDPOINT,0.031010848540913294
OXIDATIVE STRESS,CYP2E1 (CYP2E1),0.031010848540913294
INFLAMMATION,VASCULAR DISEASE,0.02845744680851064
INFLAMMATION,NEUTROPHIL TO LYMPHOCYTE RATIO (NLR),0.02845744680851064
INFLAMMATION,CYTOKINE PRODUCTION,0.02845744680851064
INFLAMMATION,PM-ASSOCIATED METALS,0.02845744680851064
INFLAMMATION,STEEL PLANT WORKERS,0.02845744680851064
INFLAMMATION,IL-6,0.02845744680851064
INFLAMMATION,CORTISOL,0.02845744680851064
INFLAMMATION,"PRO-INFLAMMATORY CYTOKINES (IL-6, IL-8, TNFΑ)",0.02845744680851064
INFLAMMATION,INTERLEUKIN 10 (IL-10),0.02845744680851064
INFLAMMATION,PRO-INFLAMMATORY CYTOKINES,0.02845744680851064
INFLAMMATION,ANTI-INFLAMMATORY CYTOKINES,0.02845744680851064
INFLAMMATION,INFLAMMATORY CYTOKINES,0.02845744680851064
INFLAMMATION,NLRP3 INFLAMMASOME,0.02845744680851064
INFLAMMATION,CORTICOSTEROIDS,0.02845744680851064
INFLAMMATION,SCAR FORMATION,0.02845744680851064
INFLAMMATION,ERYTHROCYTE SEDIMENTATION RATE I (ESR I),0.02845744680851064
INFLAMMATION,ERYTHROCYTE SEDIMENTATION RATE II (ESR II),0.02845744680851064
INFLAMMATION,LEUKOCYTES (LE),0.02845744680851064
INFLAMMATION,HIGH SENSITIVITY C-REACTIVE PROTEIN (HSCRP),0.02845744680851064
INFLAMMATION,FIBRINOGEN,0.02845744680851064
INFLAMMATION,MYELOPEROXIDASE+ CELLS,0.02845744680851064
INFLAMMATION,ALBUMIN ELEVATION IN BALF,0.02845744680851064
INFLAMMATION,ALBUMIN,0.02845744680851064
INFLAMMATION,OXIDATIVE STRESS,0.02845744680851064
INFLAMMATION,GR-1 POSITIVE CELLS (GR-1),0.02845744680851064
INFLAMMATION,WESTERN HEMODIALYSIS PATIENTS,0.02845744680851064
INFLAMMATION,FOLLICULOGENESIS,0.02845744680851064
INFLAMMATION,COLONIC EPITHELIAL DAMAGE,0.02845744680851064
INFLAMMATION,CYTOKINES/CHEMOKINES PRODUCTION,0.02845744680851064
INFLAMMATION,NF-ΚB,0.02845744680851064
INFLAMMATION,MMP9,0.02845744680851064
INFLAMMATION,MMP2,0.02845744680851064
OBESITY,ADIPOSITY,0.01897163120567376
OBESITY,HEALTH RISK FACTORS,0.01897163120567376
OBESITY,WESTERN SOCIETIES,0.01897163120567376
OBESITY,IPF PATIENTS,0.01897163120567376
OBESITY,90-DAY MORTALITY,0.01897163120567376
OBESITY,BILATERAL LUNG TRANSPLANT (BLT),0.01897163120567376
OBESITY,CARDIOVASCULAR MORBIDITY AND MORTALITY,0.01897163120567376
OBESITY,INFLAMMATION,0.01897163120567376
OBESITY,CORTISOL,0.01897163120567376
OBESITY,HYPOTHALAMIC DAMAGE,0.01897163120567376
OBESITY,LAMBDA(1),0.01897163120567376
OBESITY,DIFFERENTIATED THYROID CARCINOMA,0.01897163120567376
OBESITY,CIRRHOSIS,0.01897163120567376
OBESITY,HYPERCOAGULABLE STATE,0.01897163120567376
OBESITY,FIBRINOLYSIS,0.01897163120567376
OBESITY,CLOTTING,0.01897163120567376
OBESITY,HIGH-FAT DIET,0.01897163120567376
OBESITY,TEG PARAMETERS,0.01897163120567376
OBESITY,ACUTE TRAUMATIC COAGULOPATHY (ATC),0.01897163120567376
OBESITY,LOCAL COMPLICATIONS,0.01897163120567376
OBESITY,SYSTEMIC COMPLICATIONS,0.01897163120567376
OBESITY,BODY MASS INDEX,0.01897163120567376
OBESITY,INTERNATIONAL CLASSIFICATION OF DISEASES NINTH REVISION ICD-9,0.01897163120567376
OBESITY,MORBID OBESITY,0.01897163120567376
OBESITY,STUDY,0.01897163120567376
OBESITY,"PATIENT COHORT (20,319 PATIENTS)",0.01897163120567376
OBESITY,BODY MASS INDEX (BMI),0.01897163120567376
OBESITY,ODDS RATIO 7.88,0.01897163120567376
OBESITY,OLETF,0.01897163120567376
OBESITY,DIET-RELATED CHRONIC DISEASES,0.01897163120567376
OBESITY,PRO-INFLAMMATORY CYTOKINES,0.01897163120567376
OBESITY,PALMITATE (PALMITIC ACID),0.01897163120567376
OBESITY,ADIPOSE TISSUE INFLAMMATION,0.01897163120567376
OBESITY,SATURATED FREE FATTY ACIDS (FFAS),0.01897163120567376
OBESITY,CHRONIC DISEASES,0.01897163120567376
OBESITY,OVERWEIGHT,0.01897163120567376
OBESITY,CENTRAL FAT DISTRIBUTION,0.01897163120567376
OBESITY,PHYSICAL ACTIVITY,0.01897163120567376
OBESITY,NATRIURETIC PEPTIDE SYSTEM,0.01897163120567376
OBESITY,NATRIURETIC HANDICAP,0.01897163120567376
OBESITY,HEALTH PROMOTING LIFESTYLE ACTIVITIES,0.01897163120567376
OBESITY,CROSS-SECTIONAL STUDY,0.01897163120567376
OBESITY,HEALTH PROMOTION LIFE-STYLE PROFILE SCALE,0.01897163120567376
OBESITY,HIGH-FAT DIET-INDUCED OBESITY MOUSE MODEL,0.01897163120567376
OBESITY,NON-ALCOHOLIC FATTY LIVER DISEASE (NAFLD),0.01897163120567376
OBESITY,SATURATED FATTY ACIDS,0.01897163120567376
OBESITY,LONG-CHAIN POLYUNSATURATED FATTY ACIDS,0.01897163120567376
OBESITY,SSAT UNSATURATION,0.01897163120567376
BODY MASS INDEX (BMI),OBESITY,0.03801418439716312
BODY MASS INDEX (BMI),HEALTH RISK FACTORS,0.03801418439716312
BODY MASS INDEX (BMI),DIETARY QUALITY,0.03801418439716312
BODY MASS INDEX (BMI),LUNG TRANSPLANTATION,0.03801418439716312
BODY MASS INDEX (BMI),90-DAY MORTALITY,0.03801418439716312
BODY MASS INDEX (BMI),MULTIVARIABLE LOGISTIC REGRESSION MODELING,0.03801418439716312
BODY MASS INDEX (BMI),INFLAMMATION,0.03801418439716312
BODY MASS INDEX (BMI),CORTISOL,0.03801418439716312
BODY MASS INDEX (BMI),BMI TERTILES,0.03801418439716312
BODY MASS INDEX (BMI),AREA UNDER THE CURVE (AUC),0.03801418439716312
BODY MASS INDEX (BMI),NORMAL-WEIGHT (BMI 18-24.9),0.03801418439716312
BODY MASS INDEX (BMI),OVERWEIGHT (BMI 25-29.9),0.03801418439716312
BODY MASS INDEX (BMI),GRADE 1 OBESITY (BMI 30-34.9),0.03801418439716312
BODY MASS INDEX (BMI),GRADE 2 OBESITY (BMI 35-39.9),0.03801418439716312
BODY MASS INDEX (BMI),GRADE 3 OBESITY (BMI >40),0.03801418439716312
BODY MASS INDEX (BMI),WEIGHT,0.03801418439716312
BODY MASS INDEX (BMI),HEIGHT,0.03801418439716312
BODY MASS INDEX (BMI),CROSS-SECTIONAL STUDY,0.03801418439716312
BODY MASS INDEX (BMI),SUICIDE ATTEMPT,0.03801418439716312
BODY MASS INDEX (BMI),ADIPOKINES,0.03801418439716312
BODY MASS INDEX (BMI),LOGISTIC REGRESSION ANALYSIS,0.03801418439716312
BODY MASS INDEX (BMI),HIGH BMI (OVERWEIGHT/OBESE),0.03801418439716312
BODY MASS INDEX (BMI),NORMAL BMI,0.03801418439716312
BODY MASS INDEX (BMI),LOW BMI (UNDERWEIGHT),0.03801418439716312
BODY MASS INDEX (BMI),HEIGHT AND WEIGHT MEASUREMENTS,0.03801418439716312
ELISA,TNF-Α,0.03833455612619223
ELISA,IL-1Β,0.03833455612619223
ELISA,IL-6,0.03833455612619223
ELISA,IL-10,0.03833455612619223
ELISA,IL-1RA,0.03833455612619223
ELISA,STNFR-I,0.03833455612619223
ELISA,STNFR-II,0.03833455612619223
ELISA,BLOOD SAMPLES,0.03833455612619223
ELISA,LIPID PROTEINS,0.03833455612619223
ELISA,OXIDATIVE STRESS PARAMETERS,0.03833455612619223
ELISA,CYTOKINE LEVELS,0.03833455612619223
ELISA,CYTOKINE PRODUCTION,0.03833455612619223
ELISA,PLASMA MMP-11 LEVELS,0.03833455612619223
ELISA,CCL11,0.03833455612619223
ELISA,CCL5,0.03833455612619223
ELISA,IN VITRO STUDY,0.03833455612619223
ELISA,CCL26,0.03833455612619223
ELISA,CXCL8,0.03833455612619223
ELISA,CXCL10,0.03833455612619223
ELISA,STAT6,0.03833455612619223
ELISA,SECRETION (PROTEIN LEVEL),0.03833455612619223
ELISA,MYELOPEROXIDASE (MPO),0.03833455612619223
ELISA,SECRETION,0.03833455612619223
ELISA,CROSS-SECTIONAL STUDY,0.03833455612619223
ELISA,SEROLOGIC EVIDENCE,0.03833455612619223
ELISA,PRO-INFLAMMATORY CYTOKINES (MOLECULES),0.03833455612619223
ELISA,M1 MARKERS,0.03833455612619223
ELISA,M2 MARKERS,0.03833455612619223
ELISA,ACADEMIC RESEARCH CENTER,0.03833455612619223
AGE,CARDIAC PARAMETERS,0.33729314420803785
AGE,PERCENT CHANGE IN RUNNING ECONOMY (% CHANGE),0.33729314420803785
AGE,BASELINE COGNITIVE TEST PERFORMANCE,0.33729314420803785
AGE,COGNITIVE IMPROVEMENTS,0.33729314420803785
CARDIAC PARAMETERS,CARDIAC FUNCTION,0.44680851063829785
CARDIAC FUNCTION,ENERGY CHARGE,0.10425531914893615
CARDIAC FUNCTION,NONTRANSGENIC MICE,0.10425531914893615
CARDIAC FUNCTION,TRANSGENIC MOUSE HEARTS,0.10425531914893615
WESTERN BLOTTING,PLURIPOTENCY-RELATED MARKERS,0.04024051803885292
WESTERN BLOTTING,SERUM SAMPLES,0.04024051803885292
WESTERN BLOTTING,PLACENTAL TISSUE,0.04024051803885292
WESTERN BLOTTING,LUNG DEVELOPMENT PROTEINS,0.04024051803885292
WESTERN BLOTTING,NEONATAL RAT MODEL,0.04024051803885292
WESTERN BLOTTING,PHOSPHORYLATION OF INHIBITOR-ΚB (I-ΚB),0.04024051803885292
WESTERN BLOTTING,PROTEIN EXPRESSION,0.04024051803885292
WESTERN BLOTTING,ALPHA-SMA,0.04024051803885292
WESTERN BLOTTING,E-CADHERIN,0.04024051803885292
WESTERN BLOTTING,MEOX1,0.04024051803885292
WESTERN BLOTTING,MEOX2,0.04024051803885292
WESTERN BLOTTING,ZEB1,0.04024051803885292
WESTERN BLOTTING,ZEB2,0.04024051803885292
WESTERN BLOTTING,TOTAL CDC25C,0.04024051803885292
WESTERN BLOTTING,PHOSPHORYLATED CDC25C,0.04024051803885292
WESTERN BLOTTING,DENSITOMETRY,0.04024051803885292
WESTERN BLOTTING,WNT2 PROTEIN,0.04024051803885292
WESTERN BLOTTING,BETA-CATENIN,0.04024051803885292
WESTERN BLOTTING,ALPHA-SMOOTH MUSCLE ACTIN (Α-SMA),0.04024051803885292
WESTERN BLOTTING,IMMUNOFLUORESCENCE ANALYSIS,0.04024051803885292
WESTERN BLOTTING,MOLECULAR ANALYSES,0.04024051803885292
WESTERN BLOTTING,PROTEIN EXPRESSION LEVELS,0.04024051803885292
WESTERN BLOTTING,ACADEMIC RESEARCH CENTER,0.04024051803885292
DIABETES,DELAYED GASTRIC EMPTYING,0.059792689579923626
DIABETES,STREPTOZOTOCIN,0.059792689579923626
DIABETES,BLOOD GLUCOSE LEVELS,0.059792689579923626
DIABETES,STREPTOZOTOCIN-INDUCED DIABETES MODEL,0.059792689579923626
DIABETES,HYPERGLYCEMIA,0.059792689579923626
DIABETES,90-DAY CLINICAL UNFAVORABLE OUTCOME,0.059792689579923626
DIABETES,PATIENTS,0.059792689579923626
DIABETES,DIABETES PREVENTIVE CARE,0.059792689579923626
DIABETES,INCREASED ARTERIAL STIFFNESS (HIGH PWV GROUP),0.059792689579923626
DIABETES,CROSS-SECTIONAL STUDY,0.059792689579923626
DIABETES,FASTING BLOOD GLUCOSE,0.059792689579923626
DIABETES,VENOUS THROMBOEMBOLISM (VTE),0.059792689579923626
DIABETES,HAZARD RATIO (HR),0.059792689579923626
DIABETES,PATIENT MATCHING,0.059792689579923626
DIABETES,BETA-CELL DYSFUNCTION,0.059792689579923626
PROLIFERATION,IN VITRO GROWTH ASSAY,0.03700277520814061
PROLIFERATION,RACK1 OVEREXPRESSION,0.03700277520814061
PROLIFERATION,PARACRINE SIGNALING,0.03700277520814061
PROLIFERATION,ELECTRIC CURRENTS / ELECTRIC OR MAGNETIC FIELDS,0.03700277520814061
PROLIFERATION,ADIPOSE-DERIVED STEM CELLS (ADSC),0.03700277520814061
PROLIFERATION,PCNA (PROLIFERATING CELL NUCLEAR ANTIGEN),0.03700277520814061
PROLIFERATION,ERK1/2 (EXTRACELLULAR SIGNAL‑REGULATED KINASES 1/2),0.03700277520814061
PROLIFERATION,"CELL CYCLE PHASES S, G2 AND M",0.03700277520814061
PROLIFERATION,CELL CYCLE PROGRESSION,0.03700277520814061
PROLIFERATION,E2F,0.03700277520814061
PROLIFERATION,EGFR OVEREXPRESSION,0.03700277520814061
PROLIFERATION,DIFFERENTIATION,0.03700277520814061
PROLIFERATION,[3H]THYMIDINE INCORPORATION,0.03700277520814061
PROLIFERATION,CELL CYCLE ANALYSIS,0.03700277520814061
PROLIFERATION,DNA SYNTHESIS,0.03700277520814061
PROLIFERATION,KNOCKDOWN OF MIR-221 IN 5-FU RESISTANT CELLS,0.03700277520814061
PROLIFERATION,MTT ASSAY,0.03700277520814061
PROLIFERATION,[CA2+]I (INTRACELLULAR CA2+ CONCENTRATION),0.03700277520814061
PROLIFERATION,PKCΑ ACTIVATION (PROTEIN KINASE C-ALPHA),0.03700277520814061
PROLIFERATION,ERK1/2 PHOSPHORYLATION,0.03700277520814061
PROLIFERATION,VERAPAMIL,0.03700277520814061
PROLIFERATION,CHELERYTHRINE,0.03700277520814061
PROLIFERATION,PD98059,0.03700277520814061
CELL PROLIFERATION,SMC-4 KNOCKDOWN,0.07768685215493726
CELL PROLIFERATION,ALAMAR BLUE ASSAY,0.07768685215493726
CELL PROLIFERATION,ANTIPROLIFERATIVE ACTION,0.07768685215493726
CELL PROLIFERATION,DOWN-REGULATION,0.07768685215493726
CELL PROLIFERATION,CCK-8 ASSAY,0.07768685215493726
CELL PROLIFERATION,MAPK SIGNALING PATHWAYS,0.07768685215493726
CELL PROLIFERATION,MTT ASSAY,0.07768685215493726
CELL PROLIFERATION,COX-2 (CYCLOOXYGENASE-2),0.07768685215493726
CELL PROLIFERATION,COLONY FORMATION ASSAY,0.07768685215493726
CELL PROLIFERATION,GROWTH CURVE PLOTTING,0.07768685215493726
CELL PROLIFERATION,SMAD3 PHOSPHORYLATION,0.07768685215493726
CELL PROLIFERATION,BRDU INCORPORATION TEST,0.07768685215493726
CELL PROLIFERATION,MIARNAS,0.07768685215493726
SMC-4 KNOCKDOWN,CELL-BASED ASSAYS,0.04582651391162029
CCK-8 ASSAY,CELL VIABILITY,0.015275504637206764
CCK-8 ASSAY,CYTOTOXICITY,0.015275504637206764
CCK-8 ASSAY,CELL PROLIFERATION,0.015275504637206764
MTT ASSAY,CELL VIABILITY,0.08968903436988544
MTT ASSAY,CELL PROLIFERATION,0.08968903436988544
MTT ASSAY,CELL METABOLIC ACTIVITY,0.08968903436988544
MTT ASSAY,CYTOTOXICITY,0.08968903436988544
MTT ASSAY,STUDY,0.08968903436988544
MTT ASSAY,CHEMICAL HYPOXIA / ANOXIC MODEL,0.08968903436988544
MTT ASSAY,CYTOTOXIC EFFECT,0.08968903436988544
MTT ASSAY,A2780,0.08968903436988544
MTT ASSAY,SKOV3,0.08968903436988544
MTT ASSAY,ACHN CELLS,0.08968903436988544
COLONY FORMATION ASSAY,CELL VIABILITY,0.011456628477905073
COLONY FORMATION ASSAY,RADIOSENSITIVITY (IMPLICIT),0.011456628477905073
COLONY FORMATION ASSAY,SURVIVAL RATE,0.011456628477905073
COLONY FORMATION ASSAY,RADIOSENSITIVITY,0.011456628477905073
SMAD3 PHOSPHORYLATION,REPRESSION OF MIR-19A,0.015275504637206764
SMAD3 PHOSPHORYLATION,SMAD3,0.015275504637206764
SMAD3 PHOSPHORYLATION,TGF-Β SIGNALING PATHWAY,0.015275504637206764
HYPERTENSION,LOGISTIC REGRESSION MODELS,0.03868471953578337
HYPERTENSION,OBESITY,0.03868471953578337
HYPERTENSION,INCIDENT BLOOD PRESSURE NORMALIZATION,0.03868471953578337
HYPERTENSION,INCIDENT CARDIOVASCULAR EVENTS,0.03868471953578337
HYPERTENSION,WESTERN SOCIETIES,0.03868471953578337
HYPERTENSION,GERIATRIC PATIENTS,0.03868471953578337
HYPERTENSION,L-TYPE CALCIUM CHANNEL CAV1.2,0.03868471953578337
HYPERTENSION,LARGE-CONDUCTANCE CA-ACTIVATED K+ CHANNEL KCA1.1,0.03868471953578337
HYPERTENSION,SPONTANEOUSLY HYPERTENSIVE RATS (SHRS),0.03868471953578337
HYPERTENSION,CAV1.2 ALPHA1C SUBUNIT,0.03868471953578337
HYPERTENSION,KCA1.1 ALPHA AND BETA1 SUBUNITS,0.03868471953578337
HYPERTENSION,STUDY COHORT (40 ADULT PATIENTS),0.03868471953578337
HYPERTENSION,ANGIOTENSIN II (ANG II),0.03868471953578337
HYPERTENSION,HDAC (GENERAL),0.03868471953578337
HYPERTENSION,VASCULAR SMOOTH MUSCLE CELL (VSMC) PROLIFERATION,0.03868471953578337
HYPERTENSION,ARTERIAL REMODELING,0.03868471953578337
HYPERTENSION,EUTHYROID STATUS,0.03868471953578337
HYPERTENSION,COHORT OF 285 TREATMENT-NAÏVE HYPERTENSIVE EUTHYROID PATIENTS,0.03868471953578337
HYPERTENSION,CMV ANTIBODY TITERS,0.03868471953578337
HYPERTENSION,GB2+GB3 GENOTYPE MIXTURE,0.03868471953578337
HYPERTENSION,CMV INFECTION,0.03868471953578337
HYPERTENSION,NATRIURETIC HANDICAP,0.03868471953578337
CELL VIABILITY,CELL DEATH,0.03226950354609929
CELL VIABILITY,ANTI-APOPTOTIC EFFECT,0.03226950354609929
CELL VIABILITY,CONTROL CULTURE,0.03226950354609929
CELL VIABILITY,S100A3-SPECIFIC SIRNA TREATMENT,0.03226950354609929
CYTOTOXICITY,HUMAN FIBROBLASTS,0.007446808510638298
CYTOTOXICITY,APOPTOSIS,0.007446808510638298
CYTOTOXICITY,INFLAMMATORY PROCESS,0.007446808510638298
CYTOTOXICITY,CELL COUNT,0.007446808510638298
CYTOTOXICITY,CELL VIABILITY,0.007446808510638298
CYTOTOXICITY,CELL PROLIFERATION,0.007446808510638298
CYTOTOXICITY,SIMULATED INFLAMMATORY CONDITIONS,0.007446808510638298
CYTOTOXICITY,OGG1 OVER-EXPRESSION,0.007446808510638298
STUDY,OPEN REDUCTION INTERNAL FIXATION (ORIF),0.019573393509563726
STUDY,DISPLACED PROXIMAL HUMERUS FRACTURE,0.019573393509563726
STUDY,INTERSCALENE BRACHIAL PLEXUS BLOCK,0.019573393509563726
STUDY,GENERAL ANESTHESIA,0.019573393509563726
STUDY,"DISABILITIES OF THE ARM, SHOULDER AND HAND (DASH) QUESTIONNAIRE",0.019573393509563726
STUDY,RANGE OF MOTION ASSESSMENTS,0.019573393509563726
STUDY,RETROSPECTIVE REVIEW,0.019573393509563726
STUDY,PROSPECTIVELY COLLECTED DATA,0.019573393509563726
STUDY,PATIENT COHORT (92 PATIENTS),0.019573393509563726
STUDY,REGIONAL BLOCK GROUP (45 PATIENTS),0.019573393509563726
STUDY,GENERAL ANESTHESIA GROUP (47 PATIENTS),0.019573393509563726
STUDY,MINIMUM 6-MONTH FOLLOW-UP,0.019573393509563726
STUDY,OUTCOME MEASURES,0.019573393509563726
STUDY,SERUM SAMPLES,0.019573393509563726
STUDY,COMMERCIAL FMD VACCINE,0.019573393509563726
STUDY,WOMEN AGED 15 TO 45,0.019573393509563726
STUDY,REAL-TIME THREE-DIMENSIONAL TRANSESOPHAGEAL ECHOCARDIOGRAPHY (RT-3D-TEE),0.019573393509563726
STUDY,PERCUTANEOUS TRANSCATHETER CLOSURE,0.019573393509563726
STUDY,STUDY PERIOD (JULY 2008 - SEPTEMBER 2011),0.019573393509563726
STUDY,OUR INSTITUTION,0.019573393509563726
STUDY,SEVERE COMPLICATIONS (NONE REPORTED EXCEPT ONE CASE),0.019573393509563726
STUDY,"PATIENT COHORT (20,319 PATIENTS)",0.019573393509563726
STUDY,STUDY PERIOD 2005-2011,0.019573393509563726
STUDY,CONTROL INFUSION,0.019573393509563726
STUDY,HEART RATE,0.019573393509563726
STUDY,LEFT VENTRICULAR CONTRACTILITY,0.019573393509563726
STUDY,CARDIAC OUTPUT,0.019573393509563726
STUDY,BLOOD PRESSURE,0.019573393509563726
STUDY,CEREBRAL BLOOD FLOW,0.019573393509563726
STUDY,REGIONAL BLOOD FLOW,0.019573393509563726
STUDY,LOW DOSE INFUSION (10 ΜG/KG/H),0.019573393509563726
STUDY,HIGH DOSE INFUSION (20 ΜG/KG/H),0.019573393509563726
STUDY,BASELINE PERIOD,0.019573393509563726
STUDY,PATIENTS,0.019573393509563726
STUDY,"MEASURES OF ALLIANCE, PSYCHOSOCIAL WELL-BEING, AND ADHERENCE WILLINGNESS",0.019573393509563726
STUDY,INTERVIEWS,0.019573393509563726
STUDY,FRAMEWORK ANALYSIS,0.019573393509563726
STUDY,STUDY GROUP,0.019573393509563726
STUDY,CONTROL GROUP,0.019573393509563726
STUDY,RADIOGRAPHS,0.019573393509563726
STUDY,CHI-SQUARE TEST,0.019573393509563726
STUDY,FISHER EXACT TEST,0.019573393509563726
STUDY,STUDENT T TEST,0.019573393509563726
STUDY,CONSECUTIVE HIP ARTHROSCOPY PROCEDURES,0.019573393509563726
STUDY,RADIOGRAPHIC FOLLOW-UP,0.019573393509563726
STUDY,INCIDENCE OF HETEROTOPIC OSSIFICATION (36%),0.019573393509563726
STUDY,CLINICALLY SIGNIFICANT HETEROTOPIC OSSIFICATION (BROOKER > I),0.019573393509563726
STUDY,BASELINE DATA,0.019573393509563726
STUDY,SCHOOL-BASED INTERVENTION,0.019573393509563726
STUDY,SINGLE CENTRE,0.019573393509563726
STUDY,STUDY PERIOD JULY 2007 - JULY 2012,0.019573393509563726
STUDY,COHORT OF 68 PATIENTS,0.019573393509563726
STUDY,306 PATIENTS WITH T2DM,0.019573393509563726
STUDY,LOGISTIC REGRESSION MODELS,0.019573393509563726
STUDY,GENE DEFECT,0.019573393509563726
STUDY,HUMAN OS CELL LINES,0.019573393509563726
STUDY,VESSEL PROGENITOR DIFFERENTIATION,0.019573393509563726
STUDY,DESCRIPTIVE STATISTICS,0.019573393509563726
STUDY,REGRESSION ANALYSIS,0.019573393509563726
STUDY,ELIGIBLE PUBLICATIONS,0.019573393509563726
STUDY,PUBLICATIONS PER RESIDENT METRIC,0.019573393509563726
STUDY,POSTRESIDENCY PUBLICATION METRICS,0.019573393509563726
STUDY,STUDY SUBJECTS: 1055 MEN WITH METABOLIC SYNDROME,0.019573393509563726
STUDY,PNEUMATIZATION OF THE MAXILLARY SINUS,0.019573393509563726
STUDY,DENTAL IMPLANTS,0.019573393509563726
STUDY,ALTERNATIVE TREATMENT METHODS,0.019573393509563726
CYTOTOXIC EFFECT,RESISTANCE TO TRAIL,0.059574468085106386
BREAST CANCER,HIGH-RISK HUMAN PAPILLOMAVIRUS (HR-HPV),0.03546099290780142
BREAST CANCER,P-STAT3 (CONSTITUTIVELY ACTIVE STAT3),0.03546099290780142
BREAST CANCER,IL-17,0.03546099290780142
BREAST CANCER,BREAST ADENOSIS (ABA / BA),0.03546099290780142
BREAST CANCER,THE STUDY (DOCUMENT 27508043),0.03546099290780142
BREAST CANCER,HPV16,0.03546099290780142
BREAST CANCER,HPV18,0.03546099290780142
BREAST CANCER,BREAST CANCER SURGERY,0.03546099290780142
BREAST CANCER,RADICAL BREAST CANCER SURGERY,0.03546099290780142
BREAST CANCER,PRETREATMENT CANCER PARTICIPANTS,0.03546099290780142
BREAST CANCER,ADJUVANT THERAPY,0.03546099290780142
BREAST CANCER,BREAST CANCER DATASETS,0.03546099290780142
BREAST CANCER,MCF-7 CELLS,0.03546099290780142
BREAST CANCER,SYSTEMATIC REVIEW WITH META-ANALYSIS,0.03546099290780142
BREAST CANCER,CANCER TREATMENT,0.03546099290780142
BREAST CANCER,MURINE MAMMARY 4T1 TUMOR CELLS,0.03546099290780142
BREAST CANCER,METASTATIC DISEASE,0.03546099290780142
BREAST CANCER,PTK2,0.03546099290780142
BREAST CANCER,TISSUE MICROARRAY (TMA),0.03546099290780142
BREAST CANCER,DISEASE-FREE SURVIVAL (DFS),0.03546099290780142
BREAST CANCER,TRIPLE-NEGATIVE BREAST CANCER (TNBC),0.03546099290780142
BREAST CANCER,STUDY COHORT (375 BC SAMPLES),0.03546099290780142
BREAST CANCER,SMALLER TUMOURS,0.03546099290780142
BREAST CANCER,HUMAN CANCER CELL LINES,0.03546099290780142
GENOTYPING,RS1057868,0.06638297872340426
GENOTYPING,RS2868177,0.06638297872340426
GENOTYPING,IBS PATIENTS,0.06638297872340426
GENOTYPING,HEALTHY CONTROL SUBJECTS (HCS),0.06638297872340426
GENOTYPING,STUDY,0.06638297872340426
GENOTYPING,INVESTIGATION COHORT (N = 110),0.06638297872340426
GENOTYPING,STANDARD PCR,0.06638297872340426
GENOTYPING,PUTATIVE METHYLATION-ASSOCIATED POLYMORPHISMS,0.06638297872340426
GENOTYPING,DISCOVERY COHORT,0.06638297872340426
GENOTYPING,REPLICATION COHORT,0.06638297872340426
GENOTYPING,SEGREGATION ANALYSIS,0.06638297872340426
GENOTYPING,PATHOGENIC MUTATIONS,0.06638297872340426
GENOTYPING,RECRUITMENT OF 64 INDIVIDUALS,0.06638297872340426
GENOTYPING,HEALTHY INDIVIDUALS (COHORT),0.06638297872340426
GENOTYPING,GENETIC ASSOCIATION STUDY,0.06638297872340426
MORTALITY,OLDER AGE / AGING,0.03700277520814061
MORTALITY,ONE-YEAR MORTALITY,0.03700277520814061
MORTALITY,HAZARD RATIO (HR),0.03700277520814061
MORTALITY,MULTIVARIATE ANALYSES,0.03700277520814061
MORTALITY,FOLLOW-UP (180 DAYS),0.03700277520814061
MORTALITY,MEDIAN SURVIVAL,0.03700277520814061
MORTALITY,MUSCULAR ABNORMALITIES,0.03700277520814061
MORTALITY,COHORT 1 (PRE-24-CCSC),0.03700277520814061
MORTALITY,COHORT 2 (POST-24-CCSC),0.03700277520814061
MORTALITY,CPK ELEVATION,0.03700277520814061
MORTALITY,GLASGOW COMA SCORE,0.03700277520814061
MORTALITY,INJURY SEVERITY SCORE,0.03700277520814061
MORTALITY,U-SHAPED RELATIONSHIP,0.03700277520814061
MORTALITY,ODDS RATIO,0.03700277520814061
MORTALITY,7-DAY MORTALITY,0.03700277520814061
MORTALITY,3-MONTH MORTALITY,0.03700277520814061
MORTALITY,12-MONTH MORTALITY,0.03700277520814061
MORTALITY,12-MONTH FOLLOW-UP,0.03700277520814061
MORTALITY,SYSTEMIC INFLAMMATION,0.03700277520814061
MORTALITY,AG- GROUP,0.03700277520814061
MORTALITY,GENTAMICIN PROPHYLAXIS,0.03700277520814061
MORTALITY,PATIENT COHORT,0.03700277520814061
MORTALITY,MIDTERM OUTCOMES (1-YEAR OUTCOMES),0.03700277520814061
CELL MIGRATION,DOWN-REGULATION,0.07081287506819421
CELL MIGRATION,INVERTED MICROSCOPE,0.07081287506819421
CELL MIGRATION,IMAGE-PRO PLUS SOFTWARE,0.07081287506819421
CELL MIGRATION,WOUND-HEALING ASSAY,0.07081287506819421
CELL MIGRATION,CX3CL1,0.07081287506819421
CELL MIGRATION,MIGRATION MACHINERY,0.07081287506819421
CELL MIGRATION,CELL-CELL ADHESION,0.07081287506819421
CELL MIGRATION,METASTATIC POTENTIAL,0.07081287506819421
CELL MIGRATION,EMT,0.07081287506819421
CELL MIGRATION,DCLK1 OVEREXPRESSION,0.07081287506819421
CELL MIGRATION,COX-2 (CYCLOOXYGENASE-2),0.07081287506819421
CELL MIGRATION,CELL PROTRUSIONS,0.07081287506819421
CELL MIGRATION,TRANSWELL ASSAY,0.07081287506819421
CX3CL1,LYMPH NODE METASTASIS,0.007637752318603382
CX3CL1,EARLY TUMOR STAGE,0.007637752318603382
CX3CL1,GENE DOWNREGULATION,0.007637752318603382
CX3CL1,CELL-CELL ADHESION,0.007637752318603382
CX3CL1,TARGET GENES OF MIR-29B,0.007637752318603382
CX3CL1,CLINICAL COHORT OF 98 OSCC PATIENTS,0.007637752318603382
TRANSWELL ASSAY,CELL MIGRATION,0.04837243135115475
TRANSWELL ASSAY,A2780,0.04837243135115475
TRANSWELL ASSAY,SKOV3,0.04837243135115475
LOGISTIC REGRESSION,STANDARD CARDIAC MAGNETIC RESONANCE NORMAL RANGES,0.12158054711246201
LOGISTIC REGRESSION,ADJUSTED ODDS RATIO (AOR),0.12158054711246201
LOGISTIC REGRESSION,"GENE PANEL (ANY TWO OF BHLHE22, CDO1, CELF4)",0.12158054711246201
LOGISTIC REGRESSION,RETROSPECTIVE REVIEW,0.12158054711246201
LOGISTIC REGRESSION,REGRESSION MODEL PREDICTING FATIGUE,0.12158054711246201
LOGISTIC REGRESSION,DATA ANALYSIS (2013),0.12158054711246201
LOGISTIC REGRESSION,STUDY,0.12158054711246201
ADJUSTED ODDS RATIO (AOR),CONFIDENCE INTERVAL (95% CI),0.0851063829787234
RETROSPECTIVE REVIEW,PRE-IMPLEMENTATION PERIOD (APRIL 2010 - SEPTEMBER 2010),0.18723404255319148
RETROSPECTIVE REVIEW,POST-IMPLEMENTATION PERIOD (APRIL 2011 - SEPTEMBER 2011),0.18723404255319148
RETROSPECTIVE REVIEW,STUDY PATIENTS,0.18723404255319148
RETROSPECTIVE REVIEW,STUDY PERIOD (SEPTEMBER 2004 - DECEMBER 2011),0.18723404255319148
RETROSPECTIVE REVIEW,PROSPECTIVELY COLLECTED DATA,0.18723404255319148
REGRESSION MODEL PREDICTING FATIGUE,DISEASE-SPECIFIC AND CLINICAL PARAMETERS,0.1702127659574468
DATA ANALYSIS (2013),STUDY,0.0851063829787234
CONFIDENCE INTERVAL (95% CI),POOLED ANALYSIS,0.059574468085106386
DEPRESSION,CONVENTIONAL ANTIDEPRESSANT DRUGS,0.03273322422258593
DEPRESSION,REMISSION,0.03273322422258593
DEPRESSION,PREVENTION,0.03273322422258593
DEPRESSION,STUDY (DOCUMENT ID 25451436),0.03273322422258593
DEPRESSION,OUT‑PATIENTS,0.03273322422258593
DEPRESSION,SYMPTOMS OF DEPRESSION,0.03273322422258593
DEPRESSION,PATIENT SAMPLE,0.03273322422258593
DEPRESSION,PSYCHOPATHOLOGICAL CONDITIONS,0.03273322422258593
DEPRESSION,CLINICAL OUTCOMES,0.03273322422258593
DEPRESSION,ELECTIVE CARDIAC SURGERY,0.03273322422258593
DEPRESSION,PSYCHOSOCIAL VARIABLES,0.03273322422258593
DEPRESSION,MODERATE ARM PAIN CLASS,0.03273322422258593
DEPRESSION,EQ-VAS,0.03273322422258593
DEPRESSION,QUALITY OF LIFE IN EPILEPSY (QOLIE),0.03273322422258593
DEPRESSION,BECK DEPRESSION INVENTORY-II (BDI-II),0.03273322422258593
DEPRESSION,HOSPITAL ANXIETY AND DEPRESSION SCALE (HADS),0.03273322422258593
DEPRESSION,MAJOR DEPRESSION INVENTORY (MDI),0.03273322422258593
DEPRESSION,EMOTIONAL THERMOMETER (ET7),0.03273322422258593
DEPRESSION,EPILEPSY,0.03273322422258593
DEPRESSION,VAGUS NERVE STIMULATION (VNS),0.03273322422258593
DEPRESSION,ANHEDONIA,0.03273322422258593
DEPRESSION,REGRESSION MODEL PREDICTING FATIGUE,0.03273322422258593
DEPRESSION,DISABILITY RETIREMENT,0.03273322422258593
DEPRESSION,BECK DEPRESSION INVENTORY (BDITOT),0.03273322422258593
DEPRESSION,BDINATS (NEGATIVE ATTITUDES TOWARDS SELF SUBSCALE),0.03273322422258593
DEPRESSION,WORK INCAPACITY,0.03273322422258593
GENE EXPRESSION,ACSS2,0.04740574841358716
GENE EXPRESSION,FABP3,0.04740574841358716
GENE EXPRESSION,ACACA,0.04740574841358716
GENE EXPRESSION,FASN,0.04740574841358716
GENE EXPRESSION,SCD,0.04740574841358716
GENE EXPRESSION,LPIN1,0.04740574841358716
GENE EXPRESSION,INSIG1,0.04740574841358716
GENE EXPRESSION,SREBF1,0.04740574841358716
GENE EXPRESSION,PPARD,0.04740574841358716
GENE EXPRESSION,NR1H3,0.04740574841358716
GENE EXPRESSION,ACSL1,0.04740574841358716
GENE EXPRESSION,DGAT1,0.04740574841358716
GENE EXPRESSION,RXRA,0.04740574841358716
GENE EXPRESSION,PPARG,0.04740574841358716
GENE EXPRESSION,ALVEOLAR SURFACE AREA TO LUNG VOLUME RATIO (SA/V),0.04740574841358716
GENE EXPRESSION,MOLECULAR PATHWAYS,0.04740574841358716
GENE EXPRESSION,PRERANKED GENE SET ENRICHMENT ANALYSIS,0.04740574841358716
GENE EXPRESSION,HUMAN INTERVENTION STUDIES,0.04740574841358716
GENE EXPRESSION,18S,0.04740574841358716
REAL-TIME PCR,GENE EXPRESSION,0.07092198581560284
REAL-TIME PCR,CELL TREATMENT EXPERIMENT,0.07092198581560284
REAL-TIME PCR,GC-INDUCED LEUCINE ZIPPER (GILZ),0.07092198581560284
REAL-TIME PCR,MRNA LEVELS / GENE EXPRESSION,0.07092198581560284
REAL-TIME PCR,EXOSOMAL MICRORNAS,0.07092198581560284
REAL-TIME PCR,CCL5,0.07092198581560284
REAL-TIME PCR,CCL11,0.07092198581560284
REAL-TIME PCR,CCL26,0.07092198581560284
REAL-TIME PCR,CXCL8,0.07092198581560284
REAL-TIME PCR,CXCL10,0.07092198581560284
REAL-TIME PCR,EXPRESSION (GENE/TRANSCRIPT LEVEL),0.07092198581560284
REAL-TIME PCR,ARC TISSUE COLLECTION (ARC REMOVAL),0.07092198581560284
GC-INDUCED LEUCINE ZIPPER (GILZ),GLUCOCORTICOID RESPONSE ELEMENT (GRE),0.04964539007092198
CCL5,CHEMOKINE PRODUCTION,0.03309692671394799
CCL5,AIRWAY INFLAMMATION,0.03309692671394799
CCL5,CHEMOKINES,0.03309692671394799
CCL11,CHEMOKINE PRODUCTION,0.016548463356973995
CCL11,IL-13,0.016548463356973995
CCL11,AIRWAY INFLAMMATION,0.016548463356973995
CCL11,CHEMOKINES,0.016548463356973995
CCL11,OVEREXPRESSION,0.016548463356973995
CCL11,DOWNREGULATION,0.016548463356973995
CCL26,IL-13,0.009929078014184398
CCL26,AIRWAY INFLAMMATION,0.009929078014184398
CCL26,CHEMOKINES,0.009929078014184398
CCL26,OVEREXPRESSION,0.009929078014184398
CCL26,DOWNREGULATION,0.009929078014184398
CXCL8,AIRWAY INFLAMMATION,0.02482269503546099
CXCL8,CHEMOKINES,0.02482269503546099
CXCL10,IRF1,0.016548463356973995
CXCL10,AIRWAY INFLAMMATION,0.016548463356973995
CXCL10,CHEMOKINES,0.016548463356973995
IL-6,CPFA,0.03273322422258593
IL-6,PLASMA LEVELS,0.03273322422258593
IL-6,FIRST CPFA SESSION,0.03273322422258593
IL-6,SECOND CPFA SESSION,0.03273322422258593
IL-6,GENETIC DEPLETION,0.03273322422258593
IL-6,PHARMACOLOGICAL INHIBITION,0.03273322422258593
IL-6,CA2+ INFLUX,0.03273322422258593
IL-6,LINEAR REGRESSION,0.03273322422258593
IL-6,LOGISTIC REGRESSION,0.03273322422258593
IL-6,WOMEN (FEMALE PARTICIPANTS),0.03273322422258593
IL-6,HIGHEST BMI TERTILE,0.03273322422258593
IL-6,WOMEN IN HIGHEST BMI TERTILE,0.03273322422258593
IL-6,CARDIOVASCULAR MORBIDITY AND MORTALITY,0.03273322422258593
IL-6,NORMOGLYCEMIC INDIVIDUALS WITH DYSLIPIDEMIA (NG/D),0.03273322422258593
IL-6,PRO-INFLAMMATORY MARKERS,0.03273322422258593
IL-6,ANTI-INFLAMMATORY CYTOKINES,0.03273322422258593
IL-6,CYTOKINE SECRETION,0.03273322422258593
IL-6,STAT3 UPREGULATION,0.03273322422258593
IL-6,CYTOKINE MRNA,0.03273322422258593
IL-6,IMMUNOSUPPRESSION,0.03273322422258593
IL-6,LOCAL IMMUNE RESPONSES,0.03273322422258593
IL-6,OVERWEIGHT,0.03273322422258593
IL-6,CENTRAL FAT DISTRIBUTION,0.03273322422258593
IL-6,MODERATE ACUTE PANCREATITIS,0.03273322422258593
IL-6,RECEIVER OPERATING CHARACTERISTIC CURVE (ROC),0.03273322422258593
IL-6,AREA UNDER THE CURVE (AUC),0.03273322422258593
MULTIVARIATE ANALYSIS,DISEASE ACTIVITY,0.17769897557131598
MULTIVARIATE ANALYSIS,STUDY,0.17769897557131598
MULTIVARIATE ANALYSIS,RETROSPECTIVE COHORT STUDY,0.17769897557131598
MULTIVARIATE ANALYSIS,STUDY COHORT (2003-2014),0.17769897557131598
MULTIVARIATE ANALYSIS,STUDY (JAN 2002 - DEC 2010),0.17769897557131598
MULTIVARIATE ANALYSIS,UNWEIGHTED ANALYSES,0.17769897557131598
RETROSPECTIVE COHORT STUDY,MULTIVARIABLE POISSON REGRESSION ANALYSIS,0.030804498889605274
RETROSPECTIVE COHORT STUDY,ONTARIO,0.030804498889605274
RETROSPECTIVE COHORT STUDY,CANADA,0.030804498889605274
RETROSPECTIVE COHORT STUDY,DECEDENTS,0.030804498889605274
RETROSPECTIVE COHORT STUDY,STUDY PERIOD 2004-2009,0.030804498889605274
RETROSPECTIVE COHORT STUDY,TERTIARY CARE CENTER,0.030804498889605274
RETROSPECTIVE COHORT STUDY,THERAPEUTIC PTT WITHIN 24 HOURS,0.030804498889605274
RETROSPECTIVE COHORT STUDY,CHART REVIEW,0.030804498889605274
RETROSPECTIVE COHORT STUDY,RETROSPECTIVE ASSAYS,0.030804498889605274
RETROSPECTIVE COHORT STUDY,COHORT OF 40 WOMEN WITH PCOS,0.030804498889605274
RETROSPECTIVE COHORT STUDY,COHORT OF 74 HYPER-RESPONDERS WITHOUT PCOS,0.030804498889605274
RETROSPECTIVE COHORT STUDY,GNRH AGONIST (GNRHA) TRIGGER,0.030804498889605274
RETROSPECTIVE COHORT STUDY,SERUM HORMONE ASSAY,0.030804498889605274
RETROSPECTIVE COHORT STUDY,NO OOCYTE RETRIEVAL,0.030804498889605274
RETROSPECTIVE COHORT STUDY,STUDY PERIOD 2005-2015,0.030804498889605274
RETROSPECTIVE COHORT STUDY,LOGISTIC REGRESSION,0.030804498889605274
RETROSPECTIVE COHORT STUDY,GENERALIZED ESTIMATING EQUATIONS,0.030804498889605274
RETROSPECTIVE COHORT STUDY,PATIENTS,0.030804498889605274
RETROSPECTIVE COHORT STUDY,PROPENSITY-MATCHED ANALYSIS,0.030804498889605274
RETROSPECTIVE COHORT STUDY,ADULT PATIENTS,0.030804498889605274
RETROSPECTIVE COHORT STUDY,"STUDY PERIOD JANUARY 1, 2009–DECEMBER 31, 2013",0.030804498889605274
RETROSPECTIVE COHORT STUDY,UNIVARIATE ANALYSIS,0.030804498889605274
RETROSPECTIVE COHORT STUDY,MULTIVARIABLE ANALYSIS,0.030804498889605274
RETROSPECTIVE COHORT STUDY,TRANSFUSION REQUIREMENTS,0.030804498889605274
RETROSPECTIVE COHORT STUDY,CIRCULATING LYMPHOCYTES,0.030804498889605274
RETROSPECTIVE COHORT STUDY,COX PROPORTIONAL HAZARDS MODEL,0.030804498889605274
RETROSPECTIVE COHORT STUDY,PATIENT COHORT OF 225,0.030804498889605274
RETROSPECTIVE COHORT STUDY,STUDY PERIOD 1986-2012,0.030804498889605274
RETROSPECTIVE COHORT STUDY,FOLLOW-UP PERIOD,0.030804498889605274
RETROSPECTIVE COHORT STUDY,HISTORIC PERIOD (1990-2004),0.030804498889605274
RETROSPECTIVE COHORT STUDY,CURRENT PERIOD (2011-2012),0.030804498889605274
RETROSPECTIVE COHORT STUDY,NON-ASIAN PATIENTS,0.030804498889605274
RETROSPECTIVE COHORT STUDY,SERIAL LIVER BIOPSIES,0.030804498889605274
CHEMOTHERAPY,CISPLATIN,0.12158054711246201
CHEMOTHERAPY,CHEMOTHERAPY-INDUCED CACHEXIA,0.12158054711246201
CHEMOTHERAPY,BODY WEIGHT LOSS,0.12158054711246201
CHEMOTHERAPY,RESPONSE RATE,0.12158054711246201
CHEMOTHERAPY,FIRST-LINE CHEMOTHERAPY REGIMENS,0.12158054711246201
CHEMOTHERAPY,COMPLETE RESPONSE RATE,0.12158054711246201
CHEMOTHERAPY,STOCHASTIC NOISE,0.12158054711246201
CISPLATIN,TUMOUR BURDEN,0.00851063829787234
CISPLATIN,CISPLATIN-CONTAINING COMBINATION REGIMENS,0.00851063829787234
CISPLATIN,ERCC1,0.00851063829787234
CISPLATIN,ERCC1 DEFICIENCY,0.00851063829787234
CISPLATIN,RELAPSE AFTER CISPLATIN TREATMENT,0.00851063829787234
CISPLATIN,SEQUENTIAL CISPLATIN AND ETOPOSIDE CHEMOTHERAPY,0.00851063829787234
CISPLATIN,ACQUIRED RESISTANCE TO CHEMOTHERAPY,0.00851063829787234
CISPLATIN,ANTICANCER AGENTS (CHEMOTHERAPEUTICS),0.00851063829787234
CISPLATIN,CHEMOTHERAPY,0.00851063829787234
CISPLATIN,CDDP/VP16,0.00851063829787234
COMPLETE RESPONSE RATE,RECQL1-LOW EXPRESSION,0.0425531914893617
COMPLETE RESPONSE RATE,PROGNOSIS,0.0425531914893617
STOCHASTIC NOISE,DIFFERENTIATION POTENTIAL,0.01702127659574468
STOCHASTIC NOISE,GLIOMA CELLS,0.01702127659574468
STOCHASTIC NOISE,DRUG RESPONSE,0.01702127659574468
STOCHASTIC NOISE,DRUG EFFICACY,0.01702127659574468
STOCHASTIC NOISE,DIFFERENTIATION RESPONSES,0.01702127659574468
OVERALL SURVIVAL (OS),KAPLAN-MEIER AND COX REGRESSION MODELS,0.018303884565282744
OVERALL SURVIVAL (OS),PROGNOSTIC BIOMARKER (FOXM1 EXPRESSION),0.018303884565282744
OVERALL SURVIVAL (OS),GROUP A (LONG‑TERM TMZ COHORT),0.018303884565282744
OVERALL SURVIVAL (OS),GROUP B (STANDARD TMZ COHORT),0.018303884565282744
OVERALL SURVIVAL (OS),NUMBER OF TMZ CYCLES,0.018303884565282744
OVERALL SURVIVAL (OS),NLR THRESHOLD 4.1,0.018303884565282744
OVERALL SURVIVAL (OS),INTERNATIONAL STAGING SYSTEM (ISS),0.018303884565282744
OVERALL SURVIVAL (OS),NORMALIZATION OF S F L C KAPPA/LAMBDA RATIO AFTER TWO CYCLES,0.018303884565282744
OVERALL SURVIVAL (OS),S F L C RESPONSE AFTER TWO CYCLES,0.018303884565282744
OVERALL SURVIVAL (OS),FOLLOW-UP PERIOD,0.018303884565282744
OVERALL SURVIVAL (OS),I/U S F L C ≤10 THRESHOLD,0.018303884565282744
OVERALL SURVIVAL (OS),I/U S F L C >10 THRESHOLD,0.018303884565282744
OVERALL SURVIVAL (OS),LOWEST QUARTILE OF SERUM 25(OH)D,0.018303884565282744
OVERALL SURVIVAL (OS),HIGHEST QUARTILE OF SERUM 25(OH)D,0.018303884565282744
OVERALL SURVIVAL (OS),SURVIVAL ANALYSIS,0.018303884565282744
OVERALL SURVIVAL (OS),RESPONSE RATE,0.018303884565282744
OVERALL SURVIVAL (OS),HAZARD RATIO (HR),0.018303884565282744
OVERALL SURVIVAL (OS),LOCORREGIONAL FAILURE,0.018303884565282744
OVERALL SURVIVAL (OS),PROPENSITY SCORE MATCHING,0.018303884565282744
OVERALL SURVIVAL (OS),MULTIVARIATE ANALYSIS,0.018303884565282744
OVERALL SURVIVAL (OS),LYMPH NODE METASTASES,0.018303884565282744
OVERALL SURVIVAL (OS),LOCORREGIONAL FAILURE PATIENT SUBGROUP (N=345),0.018303884565282744
OVERALL SURVIVAL (OS),FIRST-LINE THERAPY,0.018303884565282744
OVERALL SURVIVAL (OS),SECOND-LINE THERAPY,0.018303884565282744
OVERALL SURVIVAL (OS),THIRD-LINE THERAPY,0.018303884565282744
OVERALL SURVIVAL (OS),FOLLOW-UP PERIOD (MEDIAN 27.5 MONTHS),0.018303884565282744
OVERALL SURVIVAL (OS),"PROGNOSTIC FACTORS (PERFORMANCE, DISEASE STATUS, EGFR MUTATION TYPES)",0.018303884565282744
OVERALL SURVIVAL (OS),TREATMENT TIMING,0.018303884565282744
OVERALL SURVIVAL (OS),OCCLUSION TIME,0.018303884565282744
OVERALL SURVIVAL (OS),TUMOR VOLUME,0.018303884565282744
OVERALL SURVIVAL (OS),LYMPH NODE STATUS,0.018303884565282744
OVERALL SURVIVAL (OS),5-YEAR SURVIVAL OUTCOMES,0.018303884565282744
OVERALL SURVIVAL (OS),I-PET-NEGATIVE,0.018303884565282744
OVERALL SURVIVAL (OS),AFP NON-RESPONSE,0.018303884565282744
OVERALL SURVIVAL (OS),CHILD-PUGH B,0.018303884565282744
OVERALL SURVIVAL (OS),TUMOR DIAMETER ≥10 CM,0.018303884565282744
OVERALL SURVIVAL (OS),PORTAL VEIN INVASION,0.018303884565282744
OVERALL SURVIVAL (OS),SD SUBGROUP,0.018303884565282744
OVERALL SURVIVAL (OS),COHORT MEDIAN OS 6.2 MONTHS,0.018303884565282744
OVERALL SURVIVAL (OS),COX MULTIVARIATE REGRESSION ANALYSIS,0.018303884565282744
OVERALL SURVIVAL (OS),KAPLAN-MEIER ANALYSIS,0.018303884565282744
OVERALL SURVIVAL (OS),KAPLAN–MEIER METHOD,0.018303884565282744
OVERALL SURVIVAL (OS),COX PROPORTIONAL HAZARD MODELS,0.018303884565282744
OVERALL SURVIVAL (OS),T STATUS,0.018303884565282744
OVERALL SURVIVAL (OS),N STATUS,0.018303884565282744
OVERALL SURVIVAL (OS),DIFFERENTIATION GRADE,0.018303884565282744
OVERALL SURVIVAL (OS),TUMOR LENGTH,0.018303884565282744
OVERALL SURVIVAL (OS),PATHOLOGICAL STAGE,0.018303884565282744
OVERALL SURVIVAL (OS),UNWEIGHTED ANALYSES,0.018303884565282744
ATHEROSCLEROSIS,CAROTID-FEMORAL PULSE WAVE VELOCITY (PWV),0.028368794326241134
ATHEROSCLEROSIS,ENDOTHELIAL PROGENITOR CELLS (EPC),0.028368794326241134
ATHEROSCLEROSIS,APOE DEFICIENCY (APOE(-/-) MICE),0.028368794326241134
ATHEROSCLEROSIS,H&E STAINING,0.028368794326241134
ATHEROSCLEROSIS,MASSON'S TRICHROME STAINING,0.028368794326241134
ATHEROSCLEROSIS,PRO‑INFLAMMATORY CYTOKINES,0.028368794326241134
ATHEROSCLEROSIS,OX‑LDL (OXIDIZED LDL),0.028368794326241134
ATHEROSCLEROSIS,HDL (HIGH‑DENSITY LIPOPROTEIN),0.028368794326241134
ATHEROSCLEROSIS,MIR‑21A,0.028368794326241134
ATHEROSCLEROSIS,MIR‑132,0.028368794326241134
ATHEROSCLEROSIS,MIR‑126A,0.028368794326241134
ATHEROSCLEROSIS,MIR‑155,0.028368794326241134
ATHEROSCLEROSIS,MIR‑20A,0.028368794326241134
ATHEROSCLEROSIS,HIGH-LIPID DIET (HLD),0.028368794326241134
ATHEROSCLEROSIS,ATHEROSCLEROTIC LESIONS,0.028368794326241134
ATHEROSCLEROSIS,IL-10-PRODUCTION B CELLS,0.028368794326241134
ATHEROSCLEROSIS,TNF-Α,0.028368794326241134
ATHEROSCLEROSIS,IFN-Γ,0.028368794326241134
ATHEROSCLEROSIS,IL-4,0.028368794326241134
ATHEROSCLEROSIS,BIOAVAILABILITY OF ENDOGENOUS NO,0.028368794326241134
ATHEROSCLEROSIS,ENDOTHELIAL DYSFUNCTION,0.028368794326241134
ATHEROSCLEROSIS,LESION FORMATION,0.028368794326241134
ATHEROSCLEROSIS,APOE,0.028368794326241134
ATHEROSCLEROSIS,MACE (MAJOR ADVERSE CARDIOVASCULAR EVENTS),0.028368794326241134
ATHEROSCLEROSIS,MOUSE MODEL,0.028368794326241134
ATHEROSCLEROSIS,LIPID ACCUMULATION,0.028368794326241134
ATHEROSCLEROSIS,PLAQUE FORMATION,0.028368794326241134
ATHEROSCLEROSIS,INFLAMMATION,0.028368794326241134
ATHEROSCLEROSIS,CXCR3 ANTAGONISTS,0.028368794326241134
ATHEROSCLEROSIS,RESOLUTION OF INFLAMMATION,0.028368794326241134
REACTIVE OXYGEN SPECIES (ROS),OXIDATIVE STRESS,0.07736943907156674
REACTIVE OXYGEN SPECIES (ROS),TERT-BUTYL HYDROGEN PEROXIDE (TBHP),0.07736943907156674
REACTIVE OXYGEN SPECIES (ROS),HSC ACTIVATION,0.07736943907156674
REACTIVE OXYGEN SPECIES (ROS),FREE RADICAL PRODUCTION,0.07736943907156674
REACTIVE OXYGEN SPECIES (ROS),BAP (BEZAFIBRATE + MEDROXYPROGESTERONE),0.07736943907156674
REACTIVE OXYGEN SPECIES (ROS),REVESTEROL (RVT),0.07736943907156674
REACTIVE OXYGEN SPECIES (ROS),ANTI-OXIDATIVE CAPACITY,0.07736943907156674
REACTIVE OXYGEN SPECIES (ROS),"1,4-BENZOQUINONE (1,4-BQ)",0.07736943907156674
REACTIVE OXYGEN SPECIES (ROS),N-ACETYL CYSTEINE (NAC),0.07736943907156674
REACTIVE OXYGEN SPECIES (ROS),NECROX-7,0.07736943907156674
REACTIVE OXYGEN SPECIES (ROS),LIPID PEROXIDATION,0.07736943907156674
TERT-BUTYL HYDROGEN PEROXIDE (TBHP),OXIDATIVE STRESS,0.05415860735009671
HSC ACTIVATION,OXIDATIVE STRESS,0.20309477756286268
REVESTEROL (RVT),MALONDIALDEHYDE (MDA),0.005415860735009671
REVESTEROL (RVT),OXIDATIVE DNA DAMAGE (8-OHDG / 10^6 DG),0.005415860735009671
REVESTEROL (RVT),SUPEROXIDE DISMUTASE (SOD),0.005415860735009671
REVESTEROL (RVT),GLUTATHIONE PEROXIDASE (GSH-PX),0.005415860735009671
REVESTEROL (RVT),EXCITOTOXICITY,0.005415860735009671
REVESTEROL (RVT),ISCHEMIA,0.005415860735009671
REVESTEROL (RVT),HYPOXIA,0.005415860735009671
REVESTEROL (RVT),LOW-DOSE RVT (50 MG/KG/DAY),0.005415860735009671
REVESTEROL (RVT),HIGH-DOSE RVT (100 MG/KG/DAY),0.005415860735009671
REVESTEROL (RVT),NEUROPROTECTION,0.005415860735009671
ANTI-OXIDATIVE CAPACITY,OXIDATIVE STRESS,0.05415860735009671
"1,4-BENZOQUINONE (1,4-BQ)",HL60 CELLS,0.018052869116698903
"1,4-BENZOQUINONE (1,4-BQ)",N-ACETYL CYSTEINE (NAC),0.018052869116698903
"1,4-BENZOQUINONE (1,4-BQ)",CELL VIABILITY,0.018052869116698903
NECROX-7,ASPARTATE AMINOTRANSFERASE (AST),0.004513217279174726
NECROX-7,ALANINE TRANSAMINASE (ALT),0.004513217279174726
NECROX-7,HEPATIC STEATOSIS,0.004513217279174726
NECROX-7,LIPID PEROXIDATION,0.004513217279174726
NECROX-7,MITOCHONDRIAL DYSFUNCTION,0.004513217279174726
NECROX-7,TUMOR NECROSIS FACTOR-ALPHA (TNF-ALPHA) EXPRESSION,0.004513217279174726
NECROX-7,HEPATIC FIBROSIS,0.004513217279174726
NECROX-7,TERT-BUTYLHYDROPEROXIDE,0.004513217279174726
NECROX-7,HYDROGEN PEROXIDE (H2O2),0.004513217279174726
NECROX-7,PRIMARY HEPATOCYTES,0.004513217279174726
NECROX-7,INFILTRATING MACROPHAGES,0.004513217279174726
NECROX-7,ANTIOXIDANT THERAPY,0.004513217279174726
LIPID PEROXIDATION,OXIDATIVE STRESS,0.30174081237911027
LIPID PEROXIDATION,4-HYDROXYNONENAL (4HNE),0.30174081237911027
LIPID PEROXIDATION,OXIDATIVE DAMAGE / OXIDATIVE STRESS,0.30174081237911027
RETROSPECTIVE STUDY,TRAUMA PATIENTS,0.030395136778115502
RETROSPECTIVE STUDY,INFECTIOUS COMPLICATIONS,0.030395136778115502
RETROSPECTIVE STUDY,CARDIAC COMPLICATIONS,0.030395136778115502
RETROSPECTIVE STUDY,THROMBOEMBOLIC COMPLICATIONS,0.030395136778115502
RETROSPECTIVE STUDY,HOSPITAL LENGTH OF STAY,0.030395136778115502
RETROSPECTIVE STUDY,ICU LENGTH OF STAY,0.030395136778115502
RETROSPECTIVE STUDY,COMPLICATIONS (GENERAL),0.030395136778115502
RETROSPECTIVE STUDY,COHORT OF 259 PATIENTS,0.030395136778115502
RETROSPECTIVE STUDY,13 CENTERS,0.030395136778115502
RETROSPECTIVE STUDY,LAST FOLLOW-UP,0.030395136778115502
RETROSPECTIVE STUDY,"PATIENT COHORT (4,849 PATIENTS)",0.030395136778115502
RETROSPECTIVE STUDY,STUDY PERIOD JANUARY 2008 - AUGUST 2013,0.030395136778115502
RETROSPECTIVE STUDY,PROTOCOL CHANGE OCTOBER 2012,0.030395136778115502
RETROSPECTIVE STUDY,TREATED GROUP,0.030395136778115502
RETROSPECTIVE STUDY,UNTREATED GROUP,0.030395136778115502
RETROSPECTIVE STUDY,LIGHT PINK ERYTHEMA,0.030395136778115502
RETROSPECTIVE STUDY,NO ERYTHEMA,0.030395136778115502
RETROSPECTIVE STUDY,MULTIPLE FERTILITY CENTERS,0.030395136778115502
RETROSPECTIVE STUDY,CLINICALLY RECOGNIZABLE ERROR RATE,0.030395136778115502
RETROSPECTIVE STUDY,MOLECULAR LABORATORY,0.030395136778115502
RETROSPECTIVE STUDY,ENGLISH LITERATURE REVIEW,0.030395136778115502
RETROSPECTIVE STUDY,MEDICAL RECORDS REVIEW (RETROSPECTIVE ANALYSIS),0.030395136778115502
RETROSPECTIVE STUDY,PATIENTS,0.030395136778115502
RETROSPECTIVE STUDY,STUDY COHORT (608 PATIENTS),0.030395136778115502
RETROSPECTIVE STUDY,PREVIOUS NEPHRECTOMY,0.030395136778115502
RETROSPECTIVE STUDY,SERUM CREATININE (SCR),0.030395136778115502
RETROSPECTIVE STUDY,CORONARY ANGIOGRAPHY,0.030395136778115502
RETROSPECTIVE STUDY,ACUTE SURGERY,0.030395136778115502
C-REACTIVE PROTEIN (CRP),SEVERITY OF ACUTE PANCREATITIS (MILD / MODERATELY SEVERE / SEVERE),0.0425531914893617
C-REACTIVE PROTEIN (CRP),PRESENT STUDY,0.0425531914893617
C-REACTIVE PROTEIN (CRP),ON ADMISSION,0.0425531914893617
C-REACTIVE PROTEIN (CRP),48 HOURS AFTER ADMISSION,0.0425531914893617
C-REACTIVE PROTEIN (CRP),SERUM LEVELS,0.0425531914893617
C-REACTIVE PROTEIN (CRP),MULTIVARIATE ANALYSIS,0.0425531914893617
C-REACTIVE PROTEIN (CRP),39 CONSECUTIVE PATIENTS,0.0425531914893617
C-REACTIVE PROTEIN (CRP),PREOPERATIVE EVALUATION,0.0425531914893617
C-REACTIVE PROTEIN (CRP),POSTOPERATIVE EVALUATION,0.0425531914893617
C-REACTIVE PROTEIN (CRP),MORTALITY,0.0425531914893617
C-REACTIVE PROTEIN (CRP),SYSTEMIC INFLAMMATION,0.0425531914893617
C-REACTIVE PROTEIN (CRP),SUICIDE ATTEMPT,0.0425531914893617
C-REACTIVE PROTEIN (CRP),THE STUDY,0.0425531914893617
C-REACTIVE PROTEIN (CRP),INFLAMMATION,0.0425531914893617
C-REACTIVE PROTEIN (CRP),SERUM PROTEINS,0.0425531914893617
C-REACTIVE PROTEIN (CRP),INFLAMMATORY MARKERS,0.0425531914893617
C-REACTIVE PROTEIN (CRP),DEATH/MORTALITY,0.0425531914893617
C-REACTIVE PROTEIN (CRP),2-DECADE CRP MEASUREMENT,0.0425531914893617
C-REACTIVE PROTEIN (CRP),SERIAL BIOMARKER MEASUREMENT,0.0425531914893617
C-REACTIVE PROTEIN (CRP),NEVER INSOMNIA,0.0425531914893617
CONTROL GROUP,STUDY,0.06788247213779129
CONTROL GROUP,DONORS,0.06788247213779129
CONTROL GROUP,"PATIENT CHARACTERISTICS (AGE, SEX, SIDE OF OPERATION)",0.06788247213779129
CONTROL GROUP,NO CAPSULAR CLOSURE,0.06788247213779129
CONTROL GROUP,GRAFT FAILURE,0.06788247213779129
CONTROL GROUP,PAIRED T-TEST,0.06788247213779129
CONTROL GROUP,APPLIED STRESS,0.06788247213779129
CONTROL GROUP,STUDY COHORT (N = 75),0.06788247213779129
CONTROL GROUP,STUDY GROUP,0.06788247213779129
CONTROL GROUP,GUINEA PIG ASTHMA MODEL,0.06788247213779129
CONTROL GROUP,TWICE-WEEKLY MEASUREMENT PROTOCOL (21 WEEKS),0.06788247213779129
CONTROL GROUP,THE STUDY (GSTM1/GSTT1 POLYMORPHISM STUDY),0.06788247213779129
CONTROL GROUP,ALTERED GLUCOSE INTOLERANCE,0.06788247213779129
CONTROL GROUP,RANDOMIZED CONTROLLED STUDY,0.06788247213779129
BCL-2,WESTERN BLOT,0.06504559270516717
BCL-2,APOPTOSIS,0.06504559270516717
BCL-2,NF-ΚB NUCLEAR TRANSLOCATION,0.06504559270516717
BCL-2,BAX,0.06504559270516717
BCL-2,NF-ΚB,0.06504559270516717
BCL-2,ANTI-APOPTOTIC EFFECT,0.06504559270516717
BCL-2,RACK1 SILENCING,0.06504559270516717
BCL-2,WESTERN BLOT ANALYSIS,0.06504559270516717
BCL-2,HO3867,0.06504559270516717
BCL-2,STA21,0.06504559270516717
BCL-2,HISTOCHEMICAL STUDIES,0.06504559270516717
BCL-2,BECLIN1–BCL-2 COMPLEX,0.06504559270516717
BCL-2,BCL-2–BAX COMPLEX,0.06504559270516717
BCL-2,BCL-2 FAMILY PROTEINS,0.06504559270516717
STROKE,MACROVASCULAR DISEASE,0.04479283314669653
STROKE,URINARY SODIUM (UNA) EXCRETION,0.04479283314669653
STROKE,PLAQUE INSTABILITY,0.04479283314669653
STROKE,LEUKOCYTES (LE),0.04479283314669653
STROKE,ERYTHROCYTE SEDIMENTATION RATE I (ESR I),0.04479283314669653
STROKE,ERYTHROCYTE SEDIMENTATION RATE II (ESR II),0.04479283314669653
STROKE,HIGH SENSITIVITY C-REACTIVE PROTEIN (HSCRP),0.04479283314669653
STROKE,FIBRINOGEN,0.04479283314669653
STROKE,COMPUTED TOMOGRAPHY (CT),0.04479283314669653
STROKE,ISCHEMIA-REPERFUSION BRAIN INJURIES,0.04479283314669653
STROKE,NEUROVASCULAR EVENTS,0.04479283314669653
STROKE,ACUTE BRAIN ISCHEMIA,0.04479283314669653
STROKE,TRANSIENT FOCAL NEUROLOGICAL SYMPTOMS,0.04479283314669653
STROKE,AF RECURRENCE,0.04479283314669653
STROKE,HAZARD RATIO (HR),0.04479283314669653
STROKE,PHOTOTHROMBOTIC MODEL OF FOCAL STROKE,0.04479283314669653
STROKE,IMPAIRED FUNCTION,0.04479283314669653
STROKE,AXON REMODELING,0.04479283314669653
STROKE,PHARMACOLOGICAL THERAPY,0.04479283314669653
4-HYDROXYNONENAL (4HNE),IMMUNOHISTOCHEMISTRY,0.04964539007092198
4-HYDROXYNONENAL (4HNE),STEATOSIS,0.04964539007092198
4-HYDROXYNONENAL (4HNE),NASH,0.04964539007092198
4-HYDROXYNONENAL (4HNE),4HNE STAINING,0.04964539007092198
PATIENTS,BASELINE TIMEPOINT,0.017148572467721404
PATIENTS,DAY 7 TIMEPOINT,0.017148572467721404
PATIENTS,DAY 20 TIMEPOINT,0.017148572467721404
PATIENTS,RESEARCH ETHICS BOARD,0.017148572467721404
PATIENTS,RANDOMIZATION BY COMPUTER,0.017148572467721404
PATIENTS,PATIENT ENROLLMENT,0.017148572467721404
PATIENTS,EXCLUSION OF PATIENTS,0.017148572467721404
PATIENTS,PROSPECTIVE COHORT STUDY,0.017148572467721404
PATIENTS,ROUTINE ART PROGRAMME,0.017148572467721404
PATIENTS,POPULATION SEQUENCING,0.017148572467721404
PATIENTS,REFLUXOGENIC DINNER,0.017148572467721404
PATIENTS,ABSTINENCE FROM SEXUAL INTERCOURSE,0.017148572467721404
PATIENTS,RANDOMIZED CROSSOVER DESIGN,0.017148572467721404
PATIENTS,PROSPECTIVE ENROLLMENT,0.017148572467721404
PATIENTS,"PHASE 4 REGISTRY TRIAL""",0.017148572467721404
PATIENTS,IPSILATERAL BREAST TUMOR RECURRENCE (IBTR),0.017148572467721404
PATIENTS,INFECTION,0.017148572467721404
PATIENTS,SYMPTOMATIC SEROMA,0.017148572467721404
PATIENTS,OVERALL COSMESIS (GOOD TO EXCELLENT),0.017148572467721404
PATIENTS,DELIVERY SCHEDULE: TWICE DAILY,0.017148572467721404
PATIENTS,TOXICITY,0.017148572467721404
PATIENTS,RETROSPECTIVE COHORT STUDY,0.017148572467721404
PATIENTS,GUIDELINES,0.017148572467721404
PATIENTS,FOLLOW-UP PERIOD,0.017148572467721404
PATIENTS,CIRRHOTIC PATIENTS,0.017148572467721404
PATIENTS,NONCIRRHOTIC PATIENTS,0.017148572467721404
PATIENTS,STUDY,0.017148572467721404
PATIENTS,FALSE POSITIVES,0.017148572467721404
PATIENTS,FALSE NEGATIVES,0.017148572467721404
PATIENTS,CONTINUOUSLY UNINSURED,0.017148572467721404
PATIENTS,CONTINUOUSLY INSURED,0.017148572467721404
PATIENTS,DISCONTINUOUSLY INSURED,0.017148572467721404
PATIENTS,RESILIENCE,0.017148572467721404
PATIENTS,STUDY PERIOD: JANUARY 2009 - JUNE 2015,0.017148572467721404
PATIENTS,APPLICATION OF AIR LEAK TEST (ALT),0.017148572467721404
PATIENTS,PAIN,0.017148572467721404
PATIENTS,UPPER EXTREMITY-SPECIFIC SYMPTOMS AND DISABILITY,0.017148572467721404
PATIENTS,CATASTROPHIC THINKING,0.017148572467721404
PATIENTS,HEALTH ANXIETY,0.017148572467721404
PATIENTS,SYMPTOMS OF DEPRESSION,0.017148572467721404
PATIENTS,DIAGNOSIS,0.017148572467721404
PATIENTS,INJURY,0.017148572467721404
PATIENTS,15D,0.017148572467721404
PATIENTS,EORTC QLQ-C30,0.017148572467721404
PATIENTS,QLQ-LC13,0.017148572467721404
PATIENTS,FOLLOW-UP,0.017148572467721404
PATIENTS,RETROSPECTIVE EVALUATION,0.017148572467721404
PATIENTS,SURVIVORS,0.017148572467721404
PATIENTS,PATIENT EVALUATION STUDY,0.017148572467721404
PATIENTS,CAREGIVERS,0.017148572467721404
PATIENTS,FIVE DISCRETE DIAGNOSES,0.017148572467721404
PATIENTS,INSTITUTIONAL DATABASE,0.017148572467721404
PATIENTS,SEMINAL VESICLES (SV),0.017148572467721404
PATIENTS,PRESURGICAL EVALUATION,0.017148572467721404
PATIENTS,INTERICTAL MEG RECORDINGS,0.017148572467721404
PATIENTS,EPILEPTOGENIC FOCUS LOCALIZATION,0.017148572467721404
PATIENTS,GENE EXPRESSION,0.017148572467721404
PATIENTS,OVERALL SURVIVAL,0.017148572467721404
PATIENTS,PRESURGERY MRI,0.017148572467721404
PATIENTS,UPPER GI ESD WITH OVERTUBE,0.017148572467721404
PATIENTS,TUMOR SECTIONS,0.017148572467721404
PATIENTS,ADJACENT PERICANCEROUS TISSUES,0.017148572467721404
PATIENTS,GROUP 1 (LESS ADVANCED DISEASE),0.017148572467721404
PATIENTS,GROUP 2 (MORE ADVANCED DISEASE — SHORT PSADT),0.017148572467721404
PATIENTS,GROUP 3 (MORE ADVANCED DISEASE — DISTANT METASTASIS),0.017148572467721404
PATIENTS,GROUP 4 (NO SADT DURING FOLLOW-UP),0.017148572467721404
PATIENTS,ADVERSE EVENTS (AES),0.017148572467721404
PATIENTS,TREATMENT-RELATED ADVERSE EVENTS,0.017148572467721404
PATIENTS,SURGERY,0.017148572467721404
PATIENTS,INCLUSION CRITERIA,0.017148572467721404
PATIENTS,FAMILY MEMBERS,0.017148572467721404
PATIENTS,INSTANCES OF INADEQUATE CONSULTATION,0.017148572467721404
PATIENTS,QUESTIONNAIRE,0.017148572467721404
PATIENTS,PRESCRIBED DOSE 50.4 GY/28 FRACTIONS,0.017148572467721404
PATIENTS,POSTOPERATIVE COMPLICATIONS,0.017148572467721404
PATIENTS,89 CONSECUTIVE EYES,0.017148572467721404
PATIENTS,CLINICAL GROUPS 1-4,0.017148572467721404
PATIENTS,SENTINEL NODE,0.017148572467721404
PROSTATE CANCER,STUDY POPULATION (6368 MEN AGED 40–79),0.03273322422258593
PROSTATE CANCER,FOLLOW-UP (MEDIAN 36 MONTHS),0.03273322422258593
PROSTATE CANCER,GLEASON SCORE,0.03273322422258593
PROSTATE CANCER,PATHOLOGIC FINDINGS,0.03273322422258593
PROSTATE CANCER,BIOPSY,0.03273322422258593
PROSTATE CANCER,CUMULATIVE RISK,0.03273322422258593
PROSTATE CANCER,DIGITAL RECTAL EXAMINATION (DRE),0.03273322422258593
PROSTATE CANCER,PROSTATE-SPECIFIC ANTIGEN (PSA),0.03273322422258593
PROSTATE CANCER,TRANSRECTAL ULTRASOUND-GUIDED BIOPSY (TRUS GUIDED BIOPSY),0.03273322422258593
PROSTATE CANCER,COHORT OF IRISH MEN (103 MEN),0.03273322422258593
PROSTATE CANCER,PATHOLOGICAL BIOPSY ANALYSIS,0.03273322422258593
PROSTATE CANCER,PROSTATECTOMY,0.03273322422258593
PROSTATE CANCER,PROSTATE CANCER-RELATED DEATH,0.03273322422258593
PROSTATE CANCER,ORCHIECTOMY,0.03273322422258593
PROSTATE CANCER,PROSTATE ADENOCARCINOMA,0.03273322422258593
PROSTATE CANCER,LUNG CANCER,0.03273322422258593
PROSTATE CANCER,PCA3 TAAA STR POLYMORPHISM,0.03273322422258593
PROSTATE CANCER,THE STUDY,0.03273322422258593
PROSTATE CANCER,GENOTYPE-SPECIFIC RISKS,0.03273322422258593
PROSTATE CANCER,CRUCIFEROUS VEGETABLE-RICH DIET,0.03273322422258593
PROSTATE CANCER,FIRST CLINICAL TRIAL OF SULFORAPHANE-RICH EXTRACTS,0.03273322422258593
PROSTATE CANCER,SULFORAPHANE-RICH EXTRACTS,0.03273322422258593
PROSTATE CANCER,SULFORAPHANE,0.03273322422258593
PROSTATE CANCER,GENE EXPRESSION,0.03273322422258593
PROSTATE CANCER,RECURRENT PROSTATE CANCER,0.03273322422258593
PROSTATE CANCER,MIR-204-5P,0.03273322422258593
CIRRHOSIS,HEPATOCELLULAR CARCINOMA,0.037717601547388784
CIRRHOSIS,DEATH FROM HEPATIC DECOMPENSATION,0.037717601547388784
CIRRHOSIS,SARCOPENIA,0.037717601547388784
CIRRHOSIS,SARCOPENIC OBESITY,0.037717601547388784
CIRRHOSIS,MYOSTEATOSIS,0.037717601547388784
CIRRHOSIS,HEPATITIS C,0.037717601547388784
CIRRHOSIS,ALCOHOL-RELATED LIVER DISEASE,0.037717601547388784
CIRRHOSIS,NON-ALCOHOLIC STEATOHEPATITIS/CRYPTOGENIC LIVER DISEASE,0.037717601547388784
CIRRHOSIS,AUTOIMMUNE LIVER DISEASE,0.037717601547388784
CIRRHOSIS,HEPATITIS B,0.037717601547388784
CIRRHOSIS,CFSCS,0.037717601547388784
CIRRHOSIS,DECOMPENSATED CIRRHOSIS,0.037717601547388784
CIRRHOSIS,PORTAL HYPERTENSION,0.037717601547388784
CIRRHOSIS,LIVER INSUFFICIENCY,0.037717601547388784
CIRRHOSIS,PATIENT COHORT (N=8),0.037717601547388784
CIRRHOSIS,MODEL FOR END-STAGE LIVER DISEASE (MELD) SCORE,0.037717601547388784
CIRRHOSIS,STUDY PARTICIPANTS (118 OUTPATIENTS WITH CIRRHOSIS),0.037717601547388784
CIRRHOSIS,ALCOHOL CONSUMPTION,0.037717601547388784
CIRRHOSIS,ASPARTATE AMINOTRANSFERASE (AST),0.037717601547388784
CIRRHOSIS,PROTHROMBIN TIME,0.037717601547388784
CIRRHOSIS,FIBROSIS (F3-F4),0.037717601547388784
CIRRHOSIS,PORTAL HYPERTENSION (PHT),0.037717601547388784
CIRRHOSIS,PATHOGENESIS,0.037717601547388784
CIRRHOSIS,MULTIPLE LOGISTIC REGRESSION ANALYSIS,0.037717601547388784
PROTEIN EXPRESSION,WNT TARGET GENES,0.19007092198581563
PROTEIN EXPRESSION,WESTERN BLOTTING ANALYSIS,0.19007092198581563
PROTEIN EXPRESSION,PD RISK VARIANTS,0.19007092198581563
PROTEIN EXPRESSION,MONOCYTES,0.19007092198581563
PROTEIN EXPRESSION,LINEAR REGRESSION,0.19007092198581563
WNT TARGET GENES,MRNA EXPRESSION,0.11914893617021277
WESTERN BLOTTING ANALYSIS,SPSS ANALYSIS,0.11914893617021277
PD RISK VARIANTS,RS12456492(G),0.03971631205673759
PD RISK VARIANTS,RS11060180(A),0.03971631205673759
PD RISK VARIANTS,LINEAR REGRESSION,0.03971631205673759
MRNA EXPRESSION,THYROID HORMONE (TH) SIGNALING GENES,0.20675177304964537
MRNA EXPRESSION,PLACENTA,0.20675177304964537
MRNA EXPRESSION,FETUS,0.20675177304964537
MRNA EXPRESSION,WEANLING OFFSPRING,0.20675177304964537
MRNA EXPRESSION,QUANTITATIVE REAL-TIME POLYMERASE CHAIN REACTION,0.20675177304964537
PHOSPHORYLATION,SMAD2/SMAD3 PHOSPHORYLATION,0.14184397163120568
PHOSPHORYLATION,DISEASE ACTIVITY SCORE,0.14184397163120568
PHOSPHORYLATION,JNK,0.14184397163120568
PHOSPHORYLATION,ERK,0.14184397163120568
PHOSPHORYLATION,P38 MAPK,0.14184397163120568
PHOSPHORYLATION,PHOSPHATASES,0.14184397163120568
JNK,UBIQUITIN-PROTEASOME PATHWAY,0.02482269503546099
JNK,WESTERN BLOT,0.02482269503546099
JNK,PROTEASOME,0.02482269503546099
JNK,SP600125,0.02482269503546099
ERK,PD98059,0.04964539007092198
ERK,NF-ΚB,0.04964539007092198
P38 MAPK,MEMBRANE RUFFLING AND CELL PROTRUSION FORMATION,0.01103230890464933
P38 MAPK,SB203580,0.01103230890464933
P38 MAPK,MITOGEN-ACTIVATED PROTEIN KINASE (MAPK) FAMILY,0.01103230890464933
P38 MAPK,PROTEIN-PROTEIN INTERACTION / COMPLEX FORMATION,0.01103230890464933
P38 MAPK,PHOSPHORYLATION (KINASE-MEDIATED ACTIVATION),0.01103230890464933
P38 MAPK,P38 MAPK INHIBITOR (CLASS),0.01103230890464933
P38 MAPK,TLR4 NEUTRALIZING ANTIBODY,0.01103230890464933
P38 MAPK,TOLL-LIKE RECEPTOR 4 (TLR4),0.01103230890464933
P38 MAPK,SB202190,0.01103230890464933
SCHIZOPHRENIA,QUALITY OF LIFE (QOL),0.028368794326241134
SCHIZOPHRENIA,RESILIENCE,0.028368794326241134
SCHIZOPHRENIA,SELF‑ESTEEM,0.028368794326241134
SCHIZOPHRENIA,HOPELESSNESS / HOPE,0.028368794326241134
SCHIZOPHRENIA,DSM‑IV,0.028368794326241134
SCHIZOPHRENIA,OUT‑PATIENTS,0.028368794326241134
SCHIZOPHRENIA,NCAM1,0.028368794326241134
SCHIZOPHRENIA,RS2301228,0.028368794326241134
SCHIZOPHRENIA,TWO-STAGE ASSOCIATION ANALYSIS,0.028368794326241134
SCHIZOPHRENIA,SERUM NCAM1 LEVELS,0.028368794326241134
SCHIZOPHRENIA,DISCOVERY SAMPLE,0.028368794326241134
SCHIZOPHRENIA,REPLICATION SAMPLE,0.028368794326241134
SCHIZOPHRENIA,SERUM NCAM1 MEASUREMENT,0.028368794326241134
SCHIZOPHRENIA,PENTRAXIN 3,0.028368794326241134
SCHIZOPHRENIA,LINEAR REGRESSION MODELS,0.028368794326241134
SCHIZOPHRENIA,NON-PSYCHIATRIC CONTROLS,0.028368794326241134
SCHIZOPHRENIA,PENTRAXIN 3 STUDY,0.028368794326241134
SCHIZOPHRENIA,PREPULSE INHIBITION (PPI),0.028368794326241134
SCHIZOPHRENIA,LATENT INHIBITION (LI),0.028368794326241134
SCHIZOPHRENIA,DEVELOPMENTAL BRAIN DISORDERS,0.028368794326241134
SCHIZOPHRENIA,POSTTRANSCRIPTIONAL REGULATION OF BRAIN DEVELOPMENT,0.028368794326241134
SCHIZOPHRENIA,RARE VARIANTS (RVS),0.028368794326241134
SCHIZOPHRENIA,GWAS (GENOME-WIDE ASSOCIATION STUDIES),0.028368794326241134
SCHIZOPHRENIA,MIRNA EXPRESSION IN BLOOD,0.028368794326241134
SCHIZOPHRENIA,DISCOVERY GWAS DATASET (768 SZ CASES / 1348 CONTROLS),0.028368794326241134
SCHIZOPHRENIA,INDEPENDENT VALIDATION GWAS DATASET (1802 SZ CASES / 1447 CONTROLS),0.028368794326241134
SCHIZOPHRENIA,GENOME-WIDE MIRNA EXPRESSION PROFILING (BLOOD),0.028368794326241134
SCHIZOPHRENIA,MIRNA-MRNA REGULATORY NETWORK,0.028368794326241134
SCHIZOPHRENIA,SOCIAL COGNITION,0.028368794326241134
SCHIZOPHRENIA,COPY-NUMBER VARIATION,0.028368794326241134
MALONDIALDEHYDE (MDA),LIPID PEROXIDATION,0.06788247213779129
MALONDIALDEHYDE (MDA),OXIDATIVE STRESS,0.06788247213779129
MALONDIALDEHYDE (MDA),CA1 HIPPOCAMPAL OXIDATIVE DAMAGE,0.06788247213779129
MALONDIALDEHYDE (MDA),ATHEROGENIC RISK (CIMT ≥ 1 MM),0.06788247213779129
MALONDIALDEHYDE (MDA),STUDY COHORT (40 ADULT PATIENTS),0.06788247213779129
MALONDIALDEHYDE (MDA),PRO-ATHEROGENIC BIOMARKERS,0.06788247213779129
MALONDIALDEHYDE (MDA),ATHEROGENIC RISK MODEL,0.06788247213779129
MALONDIALDEHYDE (MDA),TRAUMA GROUP,0.06788247213779129
MALONDIALDEHYDE (MDA),LOW-DOSE RVT (50 MG/KG/DAY),0.06788247213779129
MALONDIALDEHYDE (MDA),HIGH-DOSE RVT (100 MG/KG/DAY),0.06788247213779129
MALONDIALDEHYDE (MDA),HISTOPATHOLOGICAL ANALYSIS,0.06788247213779129
MALONDIALDEHYDE (MDA),BIOCHEMISTRY ANALYSIS,0.06788247213779129
MALONDIALDEHYDE (MDA),PERIODONTAL DESTRUCTION,0.06788247213779129
MALONDIALDEHYDE (MDA),AF INTENSITY,0.06788247213779129
NITRIC OXIDE (NO),SOLUBLE GUANYLATE CYCLASE (SGC / SGC),0.047281323877068564
NITRIC OXIDE (NO),HUMAN UMBILICAL VEIN ENDOTHELIAL CELLS (HUVECS),0.047281323877068564
NITRIC OXIDE (NO),SINONASAL EPITHELIUM / SINONASAL AIR–LIQUID INTERFACE CULTURES,0.047281323877068564
NITRIC OXIDE (NO),INNATE IMMUNE RESPONSE,0.047281323877068564
NITRIC OXIDE (NO),NITRIC OXIDE SYNTHASE (NOS),0.047281323877068564
NITRIC OXIDE (NO),CONDITIONED MEDIUM (CM),0.047281323877068564
NITRIC OXIDE (NO),STAPHYLOCOCCUS EPIDERMIDIS,0.047281323877068564
NITRIC OXIDE (NO),STAPHYLOCOCCUS AUREUS,0.047281323877068564
NITRIC OXIDE (NO),FLUORESCENCE IMAGING,0.047281323877068564
NITRIC OXIDE (NO),ENDOTHELIAL NITRIC OXIDE SYNTHASE (ENOS),0.047281323877068564
NITRIC OXIDE (NO),NITRITE,0.047281323877068564
NITRIC OXIDE (NO),VASCULAR SIGNALLING,0.047281323877068564
NITRIC OXIDE (NO),NITRATE→NITRITE→NO PATHWAY,0.047281323877068564
NITRIC OXIDE (NO),STUDY COHORT (40 ADULT PATIENTS),0.047281323877068564
NITRIC OXIDE (NO),PRO-ATHEROGENIC BIOMARKERS,0.047281323877068564
NITRIC OXIDE (NO),ENDOTHELIAL DYSFUNCTION,0.047281323877068564
NITRIC OXIDE (NO),S-NITROSO-N-ACETYL-DL-PENICILLAMINE (SNAP),0.047281323877068564
NITRIC OXIDE (NO),NO SYNTHASES,0.047281323877068564
WESTERN BLOT ANALYSIS,PROTEIN EXPRESSION,0.15839243498817968
WESTERN BLOT ANALYSIS,CFSCS,0.15839243498817968
WESTERN BLOT ANALYSIS,PROTEIN EXPRESSION (MEASUREMENT),0.15839243498817968
WESTERN BLOT ANALYSIS,TOTAL STAT3,0.15839243498817968
WESTERN BLOT ANALYSIS,PHOSPHO-TAU IMMUNOREACTIVE CELLS,0.15839243498817968
WESTERN BLOT ANALYSIS,IN VITRO FUNCTIONAL ASSAYS,0.15839243498817968
CFSCS,BMSCS,0.019858156028368795
CFSCS,CYTOKINES,0.019858156028368795
CFSCS,PROLIFERATION,0.019858156028368795
CFSCS,ACTIVATION OF CFSCS,0.019858156028368795
CFSCS,NADPH OXIDASE,0.019858156028368795
ENZYME-LINKED IMMUNOSORBENT ASSAY (ELISA),THE STUDY (DOCUMENT 25439526),0.15177304964539007
ENZYME-LINKED IMMUNOSORBENT ASSAY (ELISA),PRESENT STUDY,0.15177304964539007
ENZYME-LINKED IMMUNOSORBENT ASSAY (ELISA),CYTOKINE SECRETION,0.15177304964539007
ENZYME-LINKED IMMUNOSORBENT ASSAY (ELISA),STUDY OF MMP-10 IN PAD PATIENTS (2-YEAR FOLLOW-UP),0.15177304964539007
ENZYME-LINKED IMMUNOSORBENT ASSAY (ELISA),COHORT OF 187 PAD PATIENTS,0.15177304964539007
ENZYME-LINKED IMMUNOSORBENT ASSAY (ELISA),COHORT OF 200 SEX-MATCHED CONTROLS,0.15177304964539007
PRESENT STUDY,IN VITRO,0.014184397163120565
PRESENT STUDY,TWENTY TYPE 2 DIABETIC PATIENTS,0.014184397163120565
PRESENT STUDY,HEALTHY MALE VOLUNTEERS,0.014184397163120565
PRESENT STUDY,EX,0.014184397163120565
PRESENT STUDY,EXG,0.014184397163120565
PRESENT STUDY,CON,0.014184397163120565
PRESENT STUDY,RANDOMIZED CROSSOVER DESIGN,0.014184397163120565
CYTOKINE SECRETION,12-HOUR CULTURE PERIOD,0.15886524822695036
STUDY OF MMP-10 IN PAD PATIENTS (2-YEAR FOLLOW-UP),COHORT OF 187 PAD PATIENTS,0.03309692671394799
STUDY OF MMP-10 IN PAD PATIENTS (2-YEAR FOLLOW-UP),COHORT OF 200 SEX-MATCHED CONTROLS,0.03309692671394799
STUDY OF MMP-10 IN PAD PATIENTS (2-YEAR FOLLOW-UP),LOWER LIMB ARTERIAL DISEASE,0.03309692671394799
ALZHEIMER'S DISEASE,AMYLOID BETA PATHOLOGY,0.04052684903748734
ALZHEIMER'S DISEASE,TAU PATHOLOGY,0.04052684903748734
ALZHEIMER'S DISEASE,NEUROINFLAMMATORY PATHOLOGY,0.04052684903748734
ALZHEIMER'S DISEASE,MEMORY CLINIC,0.04052684903748734
ALZHEIMER'S DISEASE,CENTRAL BRAIN ATROPHY,0.04052684903748734
ALZHEIMER'S DISEASE,CLINICAL TRIALS,0.04052684903748734
ALZHEIMER'S DISEASE,PHARMACOLOGIC TREATMENTS,0.04052684903748734
ALZHEIMER'S DISEASE,DEMENTIA,0.04052684903748734
ALZHEIMER'S DISEASE,AGEING,0.04052684903748734
ALZHEIMER'S DISEASE,U.S. POPULATION,0.04052684903748734
ALZHEIMER'S DISEASE,CSF BIOMARKER ANALYSIS,0.04052684903748734
ALZHEIMER'S DISEASE,TAUOPATHIES,0.04052684903748734
ALZHEIMER'S DISEASE,PHYSICAL ACTIVITY,0.04052684903748734
ALZHEIMER'S DISEASE,ANTIOXIDANT DEFENSE SYSTEM (ADS),0.04052684903748734
ALZHEIMER'S DISEASE,RS2070424,0.04052684903748734
ALZHEIMER'S DISEASE,APOE GENE,0.04052684903748734
ALZHEIMER'S DISEASE,GENETIC ASSOCIATION STUDY (CASE-CONTROL),0.04052684903748734
ALZHEIMER'S DISEASE,SOD1,0.04052684903748734
ALZHEIMER'S DISEASE,SOD2,0.04052684903748734
ALZHEIMER'S DISEASE,GPX-1,0.04052684903748734
ALZHEIMER'S DISEASE,APOE Ε4 STATUS,0.04052684903748734
METASTASIS,MMP-11 KNOCKDOWN,0.12158054711246201
METASTASIS,LYMPH NODE METASTASIS,0.12158054711246201
METASTASIS,DCLK1,0.12158054711246201
METASTASIS,LYMPHATIC METASTASIS,0.12158054711246201
METASTASIS,COLORECTAL CANCER (CRC),0.12158054711246201
METASTASIS,CANCER STEM CELLS (CSCS),0.12158054711246201
METASTASIS,TUMOR PROGNOSTIC MARKERS,0.12158054711246201
MMP-11 KNOCKDOWN,SHRNA,0.0851063829787234
LYMPH NODE METASTASIS,PLASMA MMP-11 LEVELS,0.1509235445405658
LYMPH NODE METASTASIS,MMP-11 OVEREXPRESSION,0.1509235445405658
LYMPH NODE METASTASIS,MICROMETASTASIS,0.1509235445405658
LYMPH NODE METASTASIS,OVERT METASTASIS,0.1509235445405658
LYMPH NODE METASTASIS,CD133-POSITIVE GROUP,0.1509235445405658
LYMPH NODE METASTASIS,CD133-NEGATIVE GROUP,0.1509235445405658
LYMPH NODE METASTASIS,MULTIVARIATE COX REGRESSION ANALYSIS,0.1509235445405658
DCLK1,CLINICAL INVESTIGATIONS,0.014184397163120567
DCLK1,DCLK1 MRNA,0.014184397163120567
DCLK1,DCLK1 PROTEIN,0.014184397163120567
DCLK1,GASTROINTESTINAL CANCER STEM CELLS,0.014184397163120567
DCLK1,NORMAL COLORECTAL TISSUES,0.014184397163120567
DCLK1,OVERALL SURVIVAL,0.014184397163120567
LYMPHATIC METASTASIS,DCLK1,0.0851063829787234
COLORECTAL CANCER (CRC),DCLK1,0.00851063829787234
COLORECTAL CANCER (CRC),OPERATIONS (SURGERY),0.00851063829787234
COLORECTAL CANCER (CRC),LYMPH NODE METASTASIS,0.00851063829787234
COLORECTAL CANCER (CRC),LIVER METASTASIS,0.00851063829787234
COLORECTAL CANCER (CRC),LYMPHATIC INVASION,0.00851063829787234
COLORECTAL CANCER (CRC),VENOUS INVASION,0.00851063829787234
COLORECTAL CANCER (CRC),STAGE PROGRESSION,0.00851063829787234
COLORECTAL CANCER (CRC),FIVE-YEAR SURVIVAL RATE,0.00851063829787234
COLORECTAL CANCER (CRC),DISEASE-FREE SURVIVAL RATE,0.00851063829787234
COLORECTAL CANCER (CRC),PROGNOSTIC FACTORS,0.00851063829787234
CANCER STEM CELLS (CSCS),DCLK1,0.0851063829787234
SHRNA,TM SILENCING,0.059574468085106386
ECHOCARDIOGRAPHY,REFERRAL CENTRE,0.0851063829787234
ECHOCARDIOGRAPHY,THE STUDY (COHORT OF PATIENTS),0.0851063829787234
ECHOCARDIOGRAPHY,STUDY COHORT (40 ADULT PATIENTS),0.0851063829787234
ECHOCARDIOGRAPHY,HEART ISCHEMIA,0.0851063829787234
ECHOCARDIOGRAPHY,NON-ISCHEMIC CARDIAC DISEASE,0.0851063829787234
ECHOCARDIOGRAPHY,MODERATE OR SEVERE TR,0.0851063829787234
ECHOCARDIOGRAPHY,PARAVALVULAR LEAK,0.0851063829787234
ECHOCARDIOGRAPHY,TRANSVALVULAR / AORTIC GRADIENT,0.0851063829787234
ECHOCARDIOGRAPHY,CARDIAC OUTPUT,0.0851063829787234
ECHOCARDIOGRAPHY,COHORT OF 285 TREATMENT-NAÏVE HYPERTENSIVE EUTHYROID PATIENTS,0.0851063829787234
THE STUDY (COHORT OF PATIENTS),DIABETIC HYPERTENSIVE PATIENTS,0.029787234042553193
THE STUDY (COHORT OF PATIENTS),NONDIABETIC HYPERTENSIVE PATIENTS,0.029787234042553193
CARDIAC OUTPUT,CARDIAC ARREST,0.029787234042553193
CARDIAC OUTPUT,MULTIVARIATE ANALYSES,0.029787234042553193
RT-PCR,MRNA EXPRESSION,0.14184397163120568
RT-PCR,BAX,0.14184397163120568
RT-PCR,BCL-XL,0.14184397163120568
RT-PCR,M1 MARKERS,0.14184397163120568
RT-PCR,M2 MARKERS,0.14184397163120568
RT-PCR,SUBCUTANEOUS ADIPOSE TISSUE (SAT),0.14184397163120568
BAX,BCL-2 FAMILY,0.09503546099290781
BAX,MITOCHONDRIAL-MEDIATED APOPTOSIS,0.09503546099290781
BAX,WESTERN BLOT,0.09503546099290781
BAX,APOPTOSIS,0.09503546099290781
BAX,CELL APOPTOSIS,0.09503546099290781
BAX,CASPASE-3,0.09503546099290781
BAX,ANTI-APOPTOTIC EFFECT,0.09503546099290781
BAX,BCL-2,0.09503546099290781
BAX,BCL-2–BAX COMPLEX,0.09503546099290781
BAX,BCL-2 FAMILY PROTEINS,0.09503546099290781
BCL-XL,WESTERN BLOT ANALYSIS,0.03309692671394799
BCL-XL,APOPTOSIS,0.03309692671394799
BCL-XL,BCL-2 FAMILY PROTEINS,0.03309692671394799
SUBCUTANEOUS ADIPOSE TISSUE (SAT),SSAT UNSATURATION,0.059574468085106386
SUBCUTANEOUS ADIPOSE TISSUE (SAT),MAGNETIC RESONANCE SPECTROSCOPY (MRS),0.059574468085106386
SUBCUTANEOUS ADIPOSE TISSUE (SAT),MAGNETIC RESONANCE IMAGING (MRI),0.059574468085106386
SUBCUTANEOUS ADIPOSE TISSUE (SAT),FATTY ACIDS (FA),0.059574468085106386
SUBCUTANEOUS ADIPOSE TISSUE (SAT),BODY FAT DISTRIBUTION,0.059574468085106386
NON-ALCOHOLIC FATTY LIVER DISEASE (NAFLD),LIVER HISTOLOGY,0.031520882584712376
NON-ALCOHOLIC FATTY LIVER DISEASE (NAFLD),METABOLIC SYNDROME,0.031520882584712376
NON-ALCOHOLIC FATTY LIVER DISEASE (NAFLD),L-CITRULLINE (CIT),0.031520882584712376
NON-ALCOHOLIC FATTY LIVER DISEASE (NAFLD),WESTERN-STYLE DIET (WSD),0.031520882584712376
NON-ALCOHOLIC FATTY LIVER DISEASE (NAFLD),ARGININE/CITRULLINE HOMEOSTASIS,0.031520882584712376
NON-ALCOHOLIC FATTY LIVER DISEASE (NAFLD),PORTAL ENDOTOXIN LEVELS,0.031520882584712376
NON-ALCOHOLIC FATTY LIVER DISEASE (NAFLD),HEPATIC TRIGLYCERIDE LEVELS,0.031520882584712376
NON-ALCOHOLIC FATTY LIVER DISEASE (NAFLD),NEUTROPHIL NUMBERS,0.031520882584712376
NON-ALCOHOLIC FATTY LIVER DISEASE (NAFLD),PLASMINOGEN ACTIVATOR INHIBITOR-1 (PAI-1) PROTEIN LEVELS,0.031520882584712376
NON-ALCOHOLIC FATTY LIVER DISEASE (NAFLD),GLUCOSE METABOLISM,0.031520882584712376
NON-ALCOHOLIC FATTY LIVER DISEASE (NAFLD),3-NITROTYROSINE PROTEIN ADDUCTS,0.031520882584712376
NON-ALCOHOLIC FATTY LIVER DISEASE (NAFLD),LIVER INJURY,0.031520882584712376
NON-ALCOHOLIC FATTY LIVER DISEASE (NAFLD),SERUM FREE FATTY ACIDS,0.031520882584712376
NON-ALCOHOLIC FATTY LIVER DISEASE (NAFLD),HEPATIC TRIGLYCERIDES,0.031520882584712376
NON-ALCOHOLIC FATTY LIVER DISEASE (NAFLD),NON-ALCOHOLIC STEATOHEPATITIS (NASH),0.031520882584712376
NON-ALCOHOLIC FATTY LIVER DISEASE (NAFLD),LIGHT ALCOHOL CONSUMPTION (LAC),0.031520882584712376
NON-ALCOHOLIC FATTY LIVER DISEASE (NAFLD),ALANINE AMINOTRANSFERASE (ALT),0.031520882584712376
NON-ALCOHOLIC FATTY LIVER DISEASE (NAFLD),METABOLIC SYNDROME (MS),0.031520882584712376
NON-ALCOHOLIC FATTY LIVER DISEASE (NAFLD),BODY MASS INDEX (BMI),0.031520882584712376
NON-ALCOHOLIC FATTY LIVER DISEASE (NAFLD),WAIST CIRCUMFERENCE (WC),0.031520882584712376
NON-ALCOHOLIC FATTY LIVER DISEASE (NAFLD),URIC ACID (UA),0.031520882584712376
NON-ALCOHOLIC FATTY LIVER DISEASE (NAFLD),HAEMOGLOBIN A1C (HBA1C),0.031520882584712376
NON-ALCOHOLIC FATTY LIVER DISEASE (NAFLD),VISCERAL-FAT TYPE METABOLIC SYNDROME,0.031520882584712376
NON-ALCOHOLIC FATTY LIVER DISEASE (NAFLD),STUDY,0.031520882584712376
NON-ALCOHOLIC FATTY LIVER DISEASE (NAFLD),PNPLA3,0.031520882584712376
NON-ALCOHOLIC FATTY LIVER DISEASE (NAFLD),I148M (RS738409),0.031520882584712376
NON-ALCOHOLIC FATTY LIVER DISEASE (NAFLD),DYSLIPIDEMIA,0.031520882584712376
LOGISTIC REGRESSION ANALYSIS,AGE,0.2127659574468085
LOGISTIC REGRESSION ANALYSIS,THE STUDY COHORT (759 CONSECUTIVE PATIENTS),0.2127659574468085
LOGISTIC REGRESSION ANALYSIS,MULTIVARIATE ANALYSIS,0.2127659574468085
LOGISTIC REGRESSION ANALYSIS,ODDS RATIO (OR),0.2127659574468085
THE STUDY COHORT (759 CONSECUTIVE PATIENTS),THE STUDY,0.14893617021276595
ODDS RATIO (OR),CONFIDENCE INTERVAL (CI),1.0
THE STUDY,COMMUTERS,0.08342880523731587
THE STUDY,MATH,0.08342880523731587
THE STUDY,ENGLISH LANGUAGE,0.08342880523731587
THE STUDY,FRENCH AS A SECOND LANGUAGE,0.08342880523731587
THE STUDY,SCIENCE,0.08342880523731587
THE STUDY,ART,0.08342880523731587
THE STUDY,REPORT CARD,0.08342880523731587
THE STUDY,LD PATIENTS,0.08342880523731587
THE STUDY,HEALTHY CONTROLS,0.08342880523731587
THE STUDY,NEUROIMAGING,0.08342880523731587
THE STUDY,PERIPHERAL BLOOD LEUKOCYTES,0.08342880523731587
THE STUDY,PROSTATE TISSUES,0.08342880523731587
MAGNETIC RESONANCE IMAGING (MRI),SMALL ANTERIOR PITUITARY,0.05673758865248227
MAGNETIC RESONANCE IMAGING (MRI),THE STUDY COHORT (759 CONSECUTIVE PATIENTS),0.05673758865248227
MAGNETIC RESONANCE IMAGING (MRI),NECROTIC CORE (NE),0.05673758865248227
MAGNETIC RESONANCE IMAGING (MRI),CONTRAST-ENHANCEMENT (CE),0.05673758865248227
MAGNETIC RESONANCE IMAGING (MRI),TUMOR BULK (TB),0.05673758865248227
MAGNETIC RESONANCE IMAGING (MRI),TUMOR-ASSOCIATED EDEMA (ED),0.05673758865248227
MAGNETIC RESONANCE IMAGING (MRI),TOTAL TUMOR VOLUME (TV),0.05673758865248227
MAGNETIC RESONANCE IMAGING (MRI),IMAGING-GENOMICS ANALYSIS,0.05673758865248227
MAGNETIC RESONANCE IMAGING (MRI),PATIENTS,0.05673758865248227
MAGNETIC RESONANCE IMAGING (MRI),GRADIENT ECHO MRI,0.05673758865248227
MAGNETIC RESONANCE IMAGING (MRI),UTILIZATION RATES,0.05673758865248227
MAGNETIC RESONANCE IMAGING (MRI),MRI CODES,0.05673758865248227
MAGNETIC RESONANCE IMAGING (MRI),HOSPITAL OUTPATIENT DEPARTMENTS (HOPDS),0.05673758865248227
MAGNETIC RESONANCE IMAGING (MRI),PRIVATE OFFICES,0.05673758865248227
MAGNETIC RESONANCE IMAGING (MRI),TWIN STUDY (16 PAIRS BMI-DISCORDANT),0.05673758865248227
CELL INVASION,DOWN-REGULATION,0.14184397163120568
CELL INVASION,EMT,0.14184397163120568
CELL INVASION,DCLK1 OVEREXPRESSION,0.14184397163120568
CELL INVASION,EXOSOMAL MICRORNAS,0.14184397163120568
CELL INVASION,TRANSWELL ASSAY,0.14184397163120568
CELL INVASION,WNT2 KNOCKDOWN,0.14184397163120568
TRANSFECTION,BRACHYURY-OVEREXPRESSING CELLS,0.851063829787234
ASTHMA,PERSISTENT ASTHMA,0.06546644844517185
ASTHMA,HEALTH RISK FACTORS,0.06546644844517185
ASTHMA,MURINE MODEL OF ASTHMA,0.06546644844517185
ASTHMA,RS2444043 (RAB27A VARIANT),0.06546644844517185
ASTHMA,ATOPY,0.06546644844517185
ASTHMA,AIRWAY WALL THICKNESS RATIO,0.06546644844517185
ASTHMA,ALBUMIN CHICKEN EGG (OVA),0.06546644844517185
ASTHMA,LUNG FUNCTION,0.06546644844517185
ASTHMA,AIRWAY MORPHOLOGICAL CHANGES,0.06546644844517185
ASTHMA,RESOLUTION OF INFLAMMATION,0.06546644844517185
ASTHMA,PROFILE TWO - MAINLY MONOSENSITIZED/PAUCISITIZED,0.06546644844517185
ASTHMA,DOCTOR-DIAGNOSED ALLERGIC CONDITIONS AT 2 YEARS,0.06546644844517185
ASTHMA,CURRENT ASTHMA SYMPTOMS,0.06546644844517185
PERSISTENT ASTHMA,CHRONIC OBSTRUCTIVE PULMONARY DISEASE (COPD),0.04582651391162029
RS2444043 (RAB27A VARIANT),EXPRESSION QUANTITATIVE TRAIT LOCUS (EQTL),0.015275504637206764
RS2444043 (RAB27A VARIANT),LYMPHOBLASTOID CELL LINES,0.015275504637206764
RS2444043 (RAB27A VARIANT),SINGLE-NUCLEOTIDE POLYMORPHISM (SNP),0.015275504637206764
ATOPY,RS2194437 (SLC8A1-NEARBY VARIANT),0.04582651391162029
AIRWAY WALL THICKNESS RATIO,HISTOLOGICAL EXAMINATION,0.04582651391162029
ALBUMIN CHICKEN EGG (OVA),GUINEA PIG ASTHMA MODEL,0.015275504637206764
ALBUMIN CHICKEN EGG (OVA),SENSITIZATION,0.015275504637206764
ALBUMIN CHICKEN EGG (OVA),REPEATED INHALATION CHALLENGE,0.015275504637206764
LUNG FUNCTION,TWICE-WEEKLY MEASUREMENT PROTOCOL (21 WEEKS),0.04582651391162029
AIRWAY MORPHOLOGICAL CHANGES,INTERNAL AREA RATIO,0.011456628477905073
AIRWAY MORPHOLOGICAL CHANGES,TRACHEA,0.011456628477905073
AIRWAY MORPHOLOGICAL CHANGES,THIRD BRONCHI,0.011456628477905073
AIRWAY MORPHOLOGICAL CHANGES,TERMINAL BRONCHIOLES,0.011456628477905073
MITOCHONDRIAL-MEDIATED APOPTOSIS,BAX,0.029787234042553193
MITOCHONDRIAL-MEDIATED APOPTOSIS,BCL-2,0.029787234042553193
CASPASE-3,CELL APOPTOSIS,0.029787234042553193
CASPASE-3,WESTERN BLOTTING,0.029787234042553193
CELL DEATH,TRYPAN BLUE ASSAY,0.2127659574468085
CELL DEATH,H2O2 EXPOSURE (HIGH CONCENTRATION),0.2127659574468085
CELL DEATH,EXPERIMENTAL PALMITATE TREATMENT,0.2127659574468085
CELL DEATH,TOXICITY,0.2127659574468085
CANCER,S100 PROTEIN FAMILY,0.2127659574468085
CANCER,TUMOUR BURDEN,0.2127659574468085
CANCER,REMOVAL OF TE SILENCING,0.2127659574468085
CANCER,CANCER-RELATED MORTALITY,0.2127659574468085
QRT-PCR,PLURIPOTENCY-RELATED MARKERS,0.14184397163120568
QRT-PCR,TENOCYTE-RELATED GENES,0.14184397163120568
QRT-PCR,MI RNAS,0.14184397163120568
QRT-PCR,HUMAN EAC TUMOR SPECIMENS,0.14184397163120568
QRT-PCR,TRANSCRIPTIONAL AND TRANSLATIONAL EXPRESSION,0.14184397163120568
QRT-PCR,YANYOU 361,0.14184397163120568
YANYOU 361,WHEAT (TRITICUM AESTIVUM L.),0.09929078014184396
DIABETES MELLITUS,EXPERIENCED USERS,0.09456264775413713
DIABETES MELLITUS,ODDS RATIO AND 95% CONFIDENCE INTERVALS,0.09456264775413713
DIABETES MELLITUS,P-VALUE,0.09456264775413713
DIABETES MELLITUS,STREPTOZOTOCIN (STZ),0.09456264775413713
DIABETES MELLITUS,KYNURENIC ACID (KYNA),0.09456264775413713
DIABETES MELLITUS,KAT II,0.09456264775413713
DIABETES MELLITUS,KAT I,0.09456264775413713
DIABETES MELLITUS,COGNITIVE IMPAIRMENT,0.09456264775413713
DIABETES MELLITUS,DEMENTIA,0.09456264775413713
ODDS RATIO AND 95% CONFIDENCE INTERVALS,META-ANALYSIS (CURRENT STUDY),0.12576832151300238
P-VALUE,POOLED ANALYSIS,0.12576832151300238
STREPTOZOTOCIN (STZ),ICV-STZ MODEL (INTRACEREBROVENTRICULAR STZ-INDUCED COGNITIVE IMPAIRMENT),0.005516154452324665
STREPTOZOTOCIN (STZ),OXIDATIVE-NITROSATIVE STRESS,0.005516154452324665
STREPTOZOTOCIN (STZ),TNF-Α,0.005516154452324665
STREPTOZOTOCIN (STZ),IL-1Β,0.005516154452324665
STREPTOZOTOCIN (STZ),ALTERED ACETYLCHOLINESTERASE ACTIVITY,0.005516154452324665
STREPTOZOTOCIN (STZ),ALTERED MITOCHONDRIAL ENZYME ACTIVITIES,0.005516154452324665
STREPTOZOTOCIN (STZ),INTRACEREBROVENTRICULAR ADMINISTRATION,0.005516154452324665
STREPTOZOTOCIN (STZ),DIABETES (STZ-INDUCED),0.005516154452324665
STREPTOZOTOCIN (STZ),INTRAPERITONEAL INJECTION (IP),0.005516154452324665
STREPTOZOTOCIN (STZ),DIABETIC MODEL / DIABETES (DIABETIC RATS),0.005516154452324665
STREPTOZOTOCIN (STZ),EXPERIMENTAL ANIMAL STUDY,0.005516154452324665
STREPTOZOTOCIN (STZ),INTRAPERITONEAL ADMINISTRATION (I.P.),0.005516154452324665
KYNURENIC ACID (KYNA),IONOTROPIC GLUTAMATE RECEPTORS,0.013238770685579198
KYNURENIC ACID (KYNA),ALPHA7 NICOTINIC RECEPTOR (Α7 NICOTINIC),0.013238770685579198
KYNURENIC ACID (KYNA),TRYPTOPHAN,0.013238770685579198
KYNURENIC ACID (KYNA),INSULIN TREATMENT,0.013238770685579198
KYNURENIC ACID (KYNA),HPLC-BASED METHODS,0.013238770685579198
KAT II,INSULIN TREATMENT,0.016548463356973995
KAT II,FRONTAL CORTEX,0.016548463356973995
KAT II,HIPPOCAMPUS,0.016548463356973995
KAT II,STRIATUM,0.016548463356973995
DEMENTIA,DEMENTIA INCIDENCE DETERMINATION,0.03734012244650542
DEMENTIA,COX REGRESSION,0.03734012244650542
DEMENTIA,ESTABLISHED RISK FACTORS FOR DEMENTIA,0.03734012244650542
META-ANALYSIS (CURRENT STUDY),TWELVE PUBLICATIONS,0.02912529550827423
META-ANALYSIS (CURRENT STUDY),"355,311 SUBJECTS",0.02912529550827423
META-ANALYSIS (CURRENT STUDY),SUBGROUP ANALYSES,0.02912529550827423
META-ANALYSIS (CURRENT STUDY),SENSITIVITY ANALYSES,0.02912529550827423
META-ANALYSIS (CURRENT STUDY),HETEROGENEITY,0.02912529550827423
POOLED ANALYSIS,HAZARD RATIO (HR),0.011583924349881798
POOLED ANALYSIS,SMALL-STUDY EFFECT,0.011583924349881798
POOLED ANALYSIS,HETEROGENEITY,0.011583924349881798
POOLED ANALYSIS,EPIDEMIOLOGICAL EVIDENCE,0.011583924349881798
HEART FAILURE,NATIONAL HF AUDIT FOR ENGLAND AND WALES,0.12158054711246201
HEART FAILURE,SHORTNESS OF BREATH AT REST (SOBAR),0.12158054711246201
HEART FAILURE,COMFORTABLE AT REST BUT BREATHLESS ON SLIGHT EXERTION (CARBOSE),0.12158054711246201
HEART FAILURE,DOWNREGULATION OF INTEGRIN B1D EXPRESSION,0.12158054711246201
HEART FAILURE,LATE GESTATION DELETION OF KINDLIN-2,0.12158054711246201
HEART FAILURE,ADULT CARDIAC DELETION OF KINDLIN-2,0.12158054711246201
HEART FAILURE,CARDIAC RESYNCHRONIZATION THERAPY (CRT),0.12158054711246201
SHORTNESS OF BREATH AT REST (SOBAR),HEART RATE (HR),0.01702127659574468
SHORTNESS OF BREATH AT REST (SOBAR),SYSTOLIC BLOOD PRESSURE (SBP),0.01702127659574468
SHORTNESS OF BREATH AT REST (SOBAR),RESPIRATORY RATE (RR),0.01702127659574468
SHORTNESS OF BREATH AT REST (SOBAR),MORTALITY (180-DAY),0.01702127659574468
SHORTNESS OF BREATH AT REST (SOBAR),PATIENTS HOSPITALIZED WITH HEART FAILURE (311 PATIENTS),0.01702127659574468
COMFORTABLE AT REST BUT BREATHLESS ON SLIGHT EXERTION (CARBOSE),VITAL SIGNS,0.01702127659574468
COMFORTABLE AT REST BUT BREATHLESS ON SLIGHT EXERTION (CARBOSE),MORTALITY (180-DAY),0.01702127659574468
COMFORTABLE AT REST BUT BREATHLESS ON SLIGHT EXERTION (CARBOSE),HEART RATE (HR),0.01702127659574468
COMFORTABLE AT REST BUT BREATHLESS ON SLIGHT EXERTION (CARBOSE),SYSTOLIC BLOOD PRESSURE (SBP),0.01702127659574468
COMFORTABLE AT REST BUT BREATHLESS ON SLIGHT EXERTION (CARBOSE),RESPIRATORY RATE (RR),0.01702127659574468
CARDIAC RESYNCHRONIZATION THERAPY (CRT),LEFT VENTRICULAR LEAD POSITION (LV-LP),0.0425531914893617
CARDIAC RESYNCHRONIZATION THERAPY (CRT),PATIENT COHORT (2594 PATIENTS),0.0425531914893617
ART,FIRST-LINE ART,0.04964539007092198
LD PATIENTS,CIRCULATING PROGRANULIN,0.04964539007092198
HEALTHY CONTROLS,CIRCULATING PROGRANULIN,0.04342607746863066
HEALTHY CONTROLS,CASE-CONTROL STUDY,0.04342607746863066
HEALTHY CONTROLS,RETROSPECTIVE COHORT ANALYSIS,0.04342607746863066
HEALTHY CONTROLS,STUDY,0.04342607746863066
HEALTHY CONTROLS,C ALLELE,0.04342607746863066
HEALTHY CONTROLS,CC GENOTYPE,0.04342607746863066
HEALTHY CONTROLS,CURRENT STUDY,0.04342607746863066
PERIPHERAL BLOOD LEUKOCYTES,PROSTATE TISSUES,0.04964539007092198
THYROID HORMONE (TH) SIGNALING GENES,PLACENTA,0.029787234042553193
THYROID HORMONE (TH) SIGNALING GENES,FETUS,0.029787234042553193
THYROID HORMONE (TH) SIGNALING GENES,WEANLING OFFSPRING,0.029787234042553193
THYROID HORMONE (TH) SIGNALING GENES,THYROID HORMONE (TH),0.029787234042553193
PLACENTA,THYROID HORMONE (TH),0.059574468085106386
PLACENTA,FETUS,0.059574468085106386
FETUS,THYROID HORMONE (TH),0.11914893617021277
IMMUNOHISTOCHEMISTRY (IHC),THE STUDY (DOCUMENT 27508043),0.046276595744680855
IMMUNOHISTOCHEMISTRY (IHC),SPECIFIC ANTIBODIES,0.046276595744680855
IMMUNOHISTOCHEMISTRY (IHC),VENTANA ALK-D5F3 IHC ASSAY,0.046276595744680855
IMMUNOHISTOCHEMISTRY (IHC),RT-PCR (REVERSE TRANSCRIPTION POLYMERASE CHAIN REACTION),0.046276595744680855
IMMUNOHISTOCHEMISTRY (IHC),STAINING INSTRUMENTS,0.046276595744680855
IMMUNOHISTOCHEMISTRY (IHC),OBSERVERS / TRAINED READERS,0.046276595744680855
IMMUNOHISTOCHEMISTRY (IHC),SCORING SYSTEM,0.046276595744680855
IMMUNOHISTOCHEMISTRY (IHC),POST-ANALYTICAL STAGE,0.046276595744680855
IMMUNOHISTOCHEMISTRY (IHC),IHC ANALYSIS RESULTS,0.046276595744680855
IMMUNOHISTOCHEMISTRY (IHC),PUBMED,0.046276595744680855
IMMUNOHISTOCHEMISTRY (IHC),SIX MAJOR APPROACHES,0.046276595744680855
IMMUNOHISTOCHEMISTRY (IHC),BONE,0.046276595744680855
IMMUNOHISTOCHEMISTRY (IHC),TISSUE,0.046276595744680855
IMMUNOHISTOCHEMISTRY (IHC),CLINICAL MEDICAL SCIENCE,0.046276595744680855
IMMUNOHISTOCHEMISTRY (IHC),EXPERIMENTAL MEDICAL SCIENCE,0.046276595744680855
IMMUNOHISTOCHEMISTRY (IHC),IHC-DERIVED DATA,0.046276595744680855
IMMUNOHISTOCHEMISTRY (IHC),WNT2 PROTEIN,0.046276595744680855
IMMUNOHISTOCHEMISTRY (IHC),L-FABP PROTEIN EXPRESSION,0.046276595744680855
IMMUNOHISTOCHEMISTRY (IHC),CYTOPLASMIC STAINING,0.046276595744680855
IMMUNOHISTOCHEMISTRY (IHC),STUDY COHORT (40 PATIENTS),0.046276595744680855
AUTOPHAGY,AUTOPHAGY-ASSOCIATED PROTEINS,0.04479283314669653
AUTOPHAGY,HIGH GLUCOSE,0.04479283314669653
AUTOPHAGY,GLUCOSE UPTAKE,0.04479283314669653
AUTOPHAGY,PHOSPHORYLATION OF THE INSULIN RECEPTOR,0.04479283314669653
AUTOPHAGY,RAPAMYCIN,0.04479283314669653
AUTOPHAGY,3-METHYLADENINE,0.04479283314669653
AUTOPHAGY,LC3B,0.04479283314669653
AUTOPHAGY,BECLIN-1,0.04479283314669653
AUTOPHAGY,P62,0.04479283314669653
AUTOPHAGY,MTOR SIGNALING,0.04479283314669653
AUTOPHAGY,LC3 (MICROTUBULE-ASSOCIATED PROTEIN 1A/1B LIGHT CHAIN 3),0.04479283314669653
AUTOPHAGY,P62/SEQUESTOSOME 1,0.04479283314669653
AUTOPHAGY,"1,4-BENZOQUINONE (1,4-BQ)",0.04479283314669653
AUTOPHAGY,N-ACETYL CYSTEINE (NAC),0.04479283314669653
AUTOPHAGY,LC3,0.04479283314669653
AUTOPHAGY,BECLIN1,0.04479283314669653
AUTOPHAGY,AUTOPHAGIC ACIDIC VESICLES,0.04479283314669653
AUTOPHAGY,MAMMALIAN STERILE 20-LIKE KINASE 1 (MST1 / STK4),0.04479283314669653
AUTOPHAGY,LC3 (INCLUDING LC3-II),0.04479283314669653
DNA METHYLATION,CPG SITE CG05575921,0.05006257822277848
DNA METHYLATION,CPG SITE CG19859270,0.05006257822277848
DNA METHYLATION,CELL-TYPE SPECIFICITY,0.05006257822277848
DNA METHYLATION,CPG SITES,0.05006257822277848
DNA METHYLATION,EPIGENETIC REGULATION,0.05006257822277848
DNA METHYLATION,NON-STRUCTURAL CARDIAC DISEASES,0.05006257822277848
DNA METHYLATION,BIRTH WEIGHT CENTILE (BWC),0.05006257822277848
DNA METHYLATION,PM20D1,0.05006257822277848
DNA METHYLATION,MI886,0.05006257822277848
DNA METHYLATION,FGFR2,0.05006257822277848
DNA METHYLATION,GENETIC VARIATION,0.05006257822277848
DNA METHYLATION,TRANSPOSABLE ELEMENTS,0.05006257822277848
DNA METHYLATION,SMALL RNAS,0.05006257822277848
DNA METHYLATION,RNA-DIRECTED DNA METHYLATION (RDDM),0.05006257822277848
DNA METHYLATION,EARLY GESTATION,0.05006257822277848
DNA METHYLATION,LATE GESTATION,0.05006257822277848
DNA METHYLATION,24 GENES PANEL,0.05006257822277848
HEPATOCELLULAR CARCINOMA,AGE,0.05006257822277848
HEPATOCELLULAR CARCINOMA,CIRRHOTIC PATIENTS,0.05006257822277848
HEPATOCELLULAR CARCINOMA,SURGERY,0.05006257822277848
HEPATOCELLULAR CARCINOMA,LIVER RESECTION,0.05006257822277848
HEPATOCELLULAR CARCINOMA,LIVER CIRRHOSIS,0.05006257822277848
HEPATOCELLULAR CARCINOMA,STUDY COHORT,0.05006257822277848
HEPATOCELLULAR CARCINOMA,REAL-TIME RT–PCR,0.05006257822277848
HEPATOCELLULAR CARCINOMA,TISSUE MICROARRAY,0.05006257822277848
HEPATOCELLULAR CARCINOMA,IMMUNOHISTOCHEMISTRY (IHC),0.05006257822277848
HEPATOCELLULAR CARCINOMA,AFP,0.05006257822277848
HEPATOCELLULAR CARCINOMA,L-FABP MRNA,0.05006257822277848
HEPATOCELLULAR CARCINOMA,L-FABP PROTEIN EXPRESSION,0.05006257822277848
HEPATOCELLULAR CARCINOMA,CLINICOPATHOLOGICAL FEATURES,0.05006257822277848
HEPATOCELLULAR CARCINOMA,N-CADHERIN,0.05006257822277848
HEPATOCELLULAR CARCINOMA,E-CADHERIN,0.05006257822277848
HEPATOCELLULAR CARCINOMA,HEPATECTOMY,0.05006257822277848
HEPATOCELLULAR CARCINOMA,ALPHA-FETOPROTEIN (AFP) LEVEL,0.05006257822277848
OVERALL SURVIVAL,LOG-RANK TEST,0.09456264775413713
OVERALL SURVIVAL,MULTIVARIABLE ANALYSIS,0.09456264775413713
OVERALL SURVIVAL,MULTIVARIATE ANALYSIS,0.09456264775413713
OVERALL SURVIVAL,PROGNOSIS,0.09456264775413713
OVERALL SURVIVAL,STUDY COHORT (2003-2014),0.09456264775413713
OVERALL SURVIVAL,CRP >5 MG/L GROUP,0.09456264775413713
OVERALL SURVIVAL,CRP ≤5 MG/L GROUP,0.09456264775413713
OVERALL SURVIVAL,SURVIVAL ANALYSIS,0.09456264775413713
OVERALL SURVIVAL,SURGICAL OUTCOMES,0.09456264775413713
PROGNOSIS,ESCC PATIENTS,0.06619385342789598
PROGNOSIS,L-FABP PROTEIN EXPRESSION,0.06619385342789598
PROGNOSIS,HIGH TGFBI EXPRESSION GROUP,0.06619385342789598
PROGNOSIS,PATIENTS WITH ESCC,0.06619385342789598
CRP >5 MG/L GROUP,PREOPERATIVE C-REACTIVE PROTEIN LEVEL,0.06619385342789598
CRP ≤5 MG/L GROUP,PREOPERATIVE C-REACTIVE PROTEIN LEVEL,0.06619385342789598
SURVIVAL ANALYSIS,MEASURES OF DEPENDENCE,0.06619385342789598
TYPE 2 DIABETES,ATHEROSCLEROTIC MANIFESTATIONS,0.0640635959784896
TYPE 2 DIABETES,PREVALENT NON-MAJOR MACROVASCULAR DISEASE (PNMMVD),0.0640635959784896
TYPE 2 DIABETES,COHORT OF 739 TYPE 2 DIABETES PATIENTS,0.0640635959784896
TYPE 2 DIABETES,COGNITIVE PERFORMANCE,0.0640635959784896
TYPE 2 DIABETES,CLINICAL MICROVASCULAR COMPLICATIONS,0.0640635959784896
TYPE 2 DIABETES,DYSLIPIDEMIA,0.0640635959784896
TYPE 2 DIABETES,LIPID PEROXIDATION (LPO),0.0640635959784896
TYPE 2 DIABETES,HYPERGLYCEMIA,0.0640635959784896
TYPE 2 DIABETES,DIABETES COMPLICATIONS,0.0640635959784896
TYPE 2 DIABETES,INFLAMMATORY CYTOKINES,0.0640635959784896
TYPE 2 DIABETES,OLETF,0.0640635959784896
TYPE 2 DIABETES,SURDIAGENE COHORT,0.0640635959784896
TYPE 2 DIABETES,INSULIN RESISTANCE,0.0640635959784896
TYPE 2 DIABETES,TWENTY TYPE 2 DIABETIC PATIENTS,0.0640635959784896
MULTIVARIABLE LOGISTIC REGRESSION,RETROSPECTIVE COHORT STUDY,0.09971105857630681
MULTIVARIABLE LOGISTIC REGRESSION,IN-HOSPITAL MORTALITY,0.09971105857630681
MULTIVARIABLE LOGISTIC REGRESSION,ODDS RATIO 7.88,0.09971105857630681
MULTIVARIABLE LOGISTIC REGRESSION,ODDS RATIO 12.49,0.09971105857630681
MULTIVARIABLE LOGISTIC REGRESSION,ODDS RATIO,0.09971105857630681
MULTIVARIABLE LOGISTIC REGRESSION,"INDUCTION TIME CATEGORIES (<120 MIN, 120–300 MIN, >300 MIN)",0.09971105857630681
MULTIVARIABLE LOGISTIC REGRESSION,INITIAL RHYTHM,0.09971105857630681
MULTIVARIABLE LOGISTIC REGRESSION,AGE,0.09971105857630681
MULTIVARIABLE LOGISTIC REGRESSION,AUC CURVE,0.09971105857630681
IN-HOSPITAL MORTALITY,NON-FASCIAL CLOSURE,0.005516154452324665
IN-HOSPITAL MORTALITY,ELIXHAUSER COMORBIDITY INDEX,0.005516154452324665
IN-HOSPITAL MORTALITY,LOGISTIC REGRESSION,0.005516154452324665
IN-HOSPITAL MORTALITY,SERUM LACTIC ACID LEVEL,0.005516154452324665
IN-HOSPITAL MORTALITY,EJECTION FRACTION (DEPRESSED),0.005516154452324665
IN-HOSPITAL MORTALITY,EFFUSION,0.005516154452324665
IN-HOSPITAL MORTALITY,NEUROLOGIC CHANGE,0.005516154452324665
IN-HOSPITAL MORTALITY,SEVERE AORTIC REGURGITATION,0.005516154452324665
IN-HOSPITAL MORTALITY,CARDIOPULMONARY RESUSCITATION,0.005516154452324665
IN-HOSPITAL MORTALITY,BIVARIATE ANALYSIS,0.005516154452324665
IN-HOSPITAL MORTALITY,ODDS RATIO (OR),0.005516154452324665
IN-HOSPITAL MORTALITY,LACTATE CUT-OFF 6.0 MMOL/L,0.005516154452324665
ODDS RATIO,CONFIDENCE INTERVAL,0.06619385342789598
CONFIDENCE INTERVAL,AREA UNDER THE CURVE (AUC),0.04633569739952719
INTERLEUKIN-6 (IL-6),BIOPLEX ASSAY,0.0851063829787234
INTERLEUKIN-6 (IL-6),INFLAMMATION,0.0851063829787234
INTERLEUKIN-6 (IL-6),ENZYME-LINKED IMMUNOSORBENT ASSAY (ELISA),0.0851063829787234
INTERLEUKIN-6 (IL-6),ADULT RAT VENTRICULAR MYOCYTES (ARVM),0.0851063829787234
INTERLEUKIN-6 (IL-6),SARCOMERE SHORTENING (SS),0.0851063829787234
INTERLEUKIN-6 (IL-6),CYTOKINES,0.0851063829787234
INTERLEUKIN-6 (IL-6),SURVIVAL OUTCOME (SURVIVORS VS NON-SURVIVORS),0.0851063829787234
INTERLEUKIN-6 (IL-6),HEALTHY CONTROLS,0.0851063829787234
INTERLEUKIN-6 (IL-6),NEUROINFLAMMATION,0.0851063829787234
INTERLEUKIN-6 (IL-6),SYSTEMIC INFLAMMATION,0.0851063829787234
BIOPLEX ASSAY,CYTOKINES AND CHEMOKINES,0.10425531914893617
BIOPLEX ASSAY,CHEMOKINES,0.10425531914893617
ADULT RAT VENTRICULAR MYOCYTES (ARVM),ELECTRICAL (EXTERNAL) PACING,0.029787234042553193
ADULT RAT VENTRICULAR MYOCYTES (ARVM),PROLONGED EXPOSURE (24 ± 4 H),0.029787234042553193
SARCOMERE SHORTENING (SS),CYTOMIX-100,0.029787234042553193
SARCOMERE SHORTENING (SS),CARDIAC CONTRACTILE DYSFUNCTION,0.029787234042553193
CYTOKINES,ENZYME-LINKED IMMUNOSORBENT ASSAY (ELISA),0.01260229132569558
CYTOKINES,ELISA,0.01260229132569558
CYTOKINES,FOLLICULAR FLUID,0.01260229132569558
CYTOKINES,SERUM,0.01260229132569558
CYTOKINES,INTERLEUKIN-6,0.01260229132569558
CYTOKINES,THIS STUDY,0.01260229132569558
CYTOKINES,IL-1BETA,0.01260229132569558
CYTOKINES,IL-1RA,0.01260229132569558
CYTOKINES,IL-6,0.01260229132569558
CYTOKINES,TNF-ALPHA,0.01260229132569558
CYTOKINES,STNFR-I,0.01260229132569558
CYTOKINES,STNFR-II,0.01260229132569558
CYTOKINES,INFLAMMATORY RESPONSE,0.01260229132569558
SYSTEMIC INFLAMMATION,CELLULAR AND SOLUBLE BIOMARKERS,0.18212765957446808
SYSTEMIC INFLAMMATION,INFRA-RENAL AORTIC OCCLUSION (CROSS-CLAMP),0.18212765957446808
SYSTEMIC INFLAMMATION,NONRECOVERY PROTOCOL,0.18212765957446808
SYSTEMIC INFLAMMATION,TUMOR NECROSIS FACTOR ALPHA (TNF-ALPHA),0.18212765957446808
SYSTEMIC INFLAMMATION,MYELOPEROXIDASE-POSITIVE CELLS,0.18212765957446808
NEUTROPHILS,DOWNSTREAM EFFECTORS,0.0851063829787234
NEUTROPHILS,BLOOD SAMPLING,0.0851063829787234
NEUTROPHILS,CUMULATIVE SURVIVAL (SURVIVAL OUTCOME),0.0851063829787234
NEUTROPHILS,PROGNOSIS (CUMULATIVE SURVIVAL),0.0851063829787234
NEUTROPHILS,PREOPERATIVE PERIOD,0.0851063829787234
NEUTROPHILS,PERIPHERAL BLOOD,0.0851063829787234
NEUTROPHILS,STAGE III/IV,0.0851063829787234
NEUTROPHILS,LEUKOTRIENE B4 (LTB4),0.0851063829787234
NEUTROPHILS,MBCD/CHOLESTEROL COMPLEXES,0.0851063829787234
NEUTROPHILS,KILLING OF CANDIDA ALBICANS,0.0851063829787234
BLOOD SAMPLING,UPRIGHT POSITION,0.029787234042553193
BLOOD SAMPLING,PHLEBOTOMY,0.029787234042553193
CUMULATIVE SURVIVAL (SURVIVAL OUTCOME),FIRST HOSPITAL ADMISSION,0.029787234042553193
CUMULATIVE SURVIVAL (SURVIVAL OUTCOME),PROGNOSIS,0.029787234042553193
PERIPHERAL BLOOD,HEALTHY MALE VOLUNTEERS,0.029787234042553193
PERIPHERAL BLOOD,PRP PREPARATION METHODS,0.029787234042553193
LEUKOTRIENE B4 (LTB4),5-LIPOXYGENASE (5-LO),0.007446808510638298
LEUKOTRIENE B4 (LTB4),ATHEROSCLEROSIS,0.007446808510638298
LEUKOTRIENE B4 (LTB4),HYPERCHOLESTEROLEMIA,0.007446808510638298
LEUKOTRIENE B4 (LTB4),LIPOPOLYSACCHARIDE (LPS),0.007446808510638298
LEUKOTRIENE B4 (LTB4),5-LO NUCLEAR LOCALIZATION,0.007446808510638298
LEUKOTRIENE B4 (LTB4),AUTOCRINE MANNER,0.007446808510638298
LEUKOTRIENE B4 (LTB4),PLASMA LTB4 LEVELS,0.007446808510638298
LEUKOTRIENE B4 (LTB4),PD98059,0.007446808510638298
MBCD/CHOLESTEROL COMPLEXES,PHOSPHORYLATED 5-LO,0.029787234042553193
MBCD/CHOLESTEROL COMPLEXES,CHOLESTEROL ENRICHMENT,0.029787234042553193
CERVICAL CANCER,ORGANIZED SCREENING PROGRAM IN BULGARIA,0.10638297872340426
CERVICAL CANCER,TUMOR-INFILTRATING LYMPHOCYTES,0.10638297872340426
CERVICAL CANCER,FIGO,0.10638297872340426
CERVICAL CANCER,IMMUNOHISTOCHEMISTRY (IHC),0.10638297872340426
CERVICAL CANCER,QRT-PCR (QPCR),0.10638297872340426
CERVICAL CANCER,WESTERN BLOTTING,0.10638297872340426
CERVICAL CANCER,LYMPH NODE METASTASIS,0.10638297872340426
CERVICAL CANCER,VAGINAL INVOLVEMENT,0.10638297872340426
IL-1Β,CPFA,0.1125886524822695
IL-1Β,IL-1RA,0.1125886524822695
IL-1Β,PLASMA LEVELS,0.1125886524822695
IL-1Β,CYTOKINE RATIOS,0.1125886524822695
IL-1Β,FIRST CPFA SESSION,0.1125886524822695
IL-1Β,SECOND CPFA SESSION,0.1125886524822695
IL-1Β,INFLAMMATORY CYTOKINES,0.1125886524822695
IL-1Β,PRO-INFLAMMATORY CYTOKINES,0.1125886524822695
CPFA,PAIRED T TEST,0.04592198581560284
CPFA,ADVERSE EFFECTS,0.04592198581560284
CPFA,FIRST CPFA SESSION,0.04592198581560284
CPFA,SECOND CPFA SESSION,0.04592198581560284
IL-1RA,CPFA,0.014893617021276596
IL-1RA,PLASMA LEVELS,0.014893617021276596
IL-1RA,CYTOKINE RATIOS,0.014893617021276596
IL-1RA,OVERWEIGHT,0.014893617021276596
IL-1RA,CENTRAL FAT DISTRIBUTION,0.014893617021276596
PLASMA LEVELS,PAIRED T TEST,0.18368794326241136
CYTOKINE RATIOS,SECOND CPFA SESSION,0.07446808510638298
INFLAMMATORY CYTOKINES,NARINGIN,0.017730496453900707
INFLAMMATORY CYTOKINES,OXIDATIVE-NITROSATIVE STRESS,0.017730496453900707
INFLAMMATORY CYTOKINES,POORLY CONTROLLED DIABETES WITH DYSLIPIDEMIA (DM-PC/D),0.017730496453900707
INFLAMMATORY CYTOKINES,STUDY (INVESTIGATION OF DIABETES AND DYSLIPIDEMIA EFFECTS),0.017730496453900707
INFLAMMATORY CYTOKINES,IL-1Β,0.017730496453900707
INFLAMMATORY CYTOKINES,IL-6,0.017730496453900707
INFLAMMATORY CYTOKINES,TNF-Α,0.017730496453900707
PRO-INFLAMMATORY CYTOKINES,P38 MAPK ACTIVITY,0.24379432624113476
PRO-INFLAMMATORY CYTOKINES,IL-10,0.24379432624113476
PRO-INFLAMMATORY CYTOKINES,INSULIN RESISTANCE,0.24379432624113476
PRO-INFLAMMATORY CYTOKINES,LIPOPOLYSACCHARIDES (LPS),0.24379432624113476
SEX,CARDIAC PARAMETERS,0.46276595744680854
SEX,STUDY STRATIFICATION FOR AGE AND SEX,0.46276595744680854
STUDY STRATIFICATION FOR AGE AND SEX,AGE,0.2978723404255319
ENERGY CHARGE,TRANSGENIC MOUSE HEARTS,0.048652482269503534
TRANSGENIC MOUSE HEARTS,CARDIAC HYPERTROPHY,0.024326241134751767
TRANSGENIC MOUSE HEARTS,FATTY ACID OXIDATION,0.024326241134751767
FOLLOW-UP PERIOD,MEAN SURVIVAL TIME,0.22630560928433271
FOLLOW-UP PERIOD,IFN INITIATION,0.22630560928433271
FOLLOW-UP PERIOD,INCIDENT MOOD DISORDER DIAGNOSIS,0.22630560928433271
FOLLOW-UP PERIOD,SURVIVAL STATUS,0.22630560928433271
INCIDENT MOOD DISORDER DIAGNOSIS,SLEEP APNEA COHORT,0.14893617021276595
UNIVARIATE ANALYSIS,DURATION OF INOTROPIC SUPPORT,0.425531914893617
UNIVARIATE ANALYSIS,STUDY COHORT (2003-2014),0.425531914893617
IMMUNOFLUORESCENCE,PATIENTS,0.28368794326241137
IMMUNOFLUORESCENCE,ADJACENT LIVER TISSUE,0.28368794326241137
IMMUNOFLUORESCENCE,SUBCUTANEOUS ADIPOSE TISSUE (SAT),0.28368794326241137
CASE-CONTROL STUDY,CHRONIC PE PATIENTS WITHOUT PULMONARY HYPERTENSION (CONTROLS),0.0425531914893617
CASE-CONTROL STUDY,HEPCIDIN-25,0.0425531914893617
CASE-CONTROL STUDY,SOLUBLE TRANSFERRIN RECEPTOR (S TFR),0.0425531914893617
CASE-CONTROL STUDY,FERRITIN,0.0425531914893617
CASE-CONTROL STUDY,S TFR/FERRITIN RATIO,0.0425531914893617
CASE-CONTROL STUDY,TUMOR NECROSIS FACTOR-ALPHA (TNF-Α),0.0425531914893617
CASE-CONTROL STUDY,MALONDIALDEHYDE (MDA),0.0425531914893617
CASE-CONTROL STUDY,INTERLEUKIN-6 (IL-6),0.0425531914893617
CASE-CONTROL STUDY,LIPID MEASUREMENTS,0.0425531914893617
CASE-CONTROL STUDY,ATHEROGENIC INDEXES,0.0425531914893617
CASE-CONTROL STUDY,SMOKING,0.0425531914893617
CASE-CONTROL STUDY,BODY MASS INDEX (BMI),0.0425531914893617
CASE-CONTROL STUDY,MULTIVARIATE ANALYSES,0.0425531914893617
CASE-CONTROL STUDY,AGE,0.0425531914893617
CASE-CONTROL STUDY,SEX,0.0425531914893617
CASE-CONTROL STUDY,CONTROL COHORT (1311 INDIVIDUALS),0.0425531914893617
CASE-CONTROL STUDY,FGLP-1 (FASTING INTACT GLP-1),0.0425531914893617
CASE-CONTROL STUDY,1HGLP-1 (60-MIN POST-75G GLUCOSE LOADING INTACT GLP-1),0.0425531914893617
CASE-CONTROL STUDY,DELTA GLP-1 (∆GLP-1),0.0425531914893617
CASE-CONTROL STUDY,LABORATORY BLOOD INVESTIGATIONS,0.0425531914893617
ALL-CAUSE MORTALITY,ADJUSTED HAZARD RATIO (AHR),0.060790273556231005
ALL-CAUSE MORTALITY,OUTCOMES,0.060790273556231005
ALL-CAUSE MORTALITY,HIGH MMP-10 TERTILE,0.060790273556231005
ALL-CAUSE MORTALITY,ATHEROSCLEROTIC EVENTS,0.060790273556231005
ALL-CAUSE MORTALITY,STS SCORE,0.060790273556231005
ALL-CAUSE MORTALITY,HEART FAILURE,0.060790273556231005
ALL-CAUSE MORTALITY,FOLLOW-UP PERIOD (MEDIAN 5.4 YEARS),0.060790273556231005
ALL-CAUSE MORTALITY,MULTIVARIABLE COX REGRESSION ANALYSIS,0.060790273556231005
ALL-CAUSE MORTALITY,HAZARD RATIO (HR) & 95% CONFIDENCE INTERVAL (CI),0.060790273556231005
ALL-CAUSE MORTALITY,GRADE 2 AOAC,0.060790273556231005
ALL-CAUSE MORTALITY,GRADE 3 AOAC,0.060790273556231005
ALL-CAUSE MORTALITY,FOLLOW-UP PERIOD (55.1 ± 32.1 MONTHS),0.060790273556231005
ALL-CAUSE MORTALITY,SURVIVAL STATUS,0.060790273556231005
ALL-CAUSE MORTALITY,COHORT OF 2978 PATIENTS,0.060790273556231005
QUESTIONNAIRE,PATIENTS,0.060790273556231005
QUESTIONNAIRE,PEER REVIEW,0.060790273556231005
QUESTIONNAIRE,DESCRIPTIVE STATISTICS,0.060790273556231005
QUESTIONNAIRE,CROSS-TABULATION,0.060790273556231005
QUESTIONNAIRE,"MALE PARTICIPANTS (COHORT OF 18,614)",0.060790273556231005
QUESTIONNAIRE,FAMILY HISTORY OF AAA (+FH / -FH),0.060790273556231005
QUESTIONNAIRE,FIRST-DEGREE RELATIVE,0.060790273556231005
QUESTIONNAIRE,SOCIO-DEMOGRAPHIC CHARACTERISTICS,0.060790273556231005
QUESTIONNAIRE,PATIENT SATISFACTION,0.060790273556231005
QUESTIONNAIRE,LIKERT SCALE,0.060790273556231005
QUESTIONNAIRE,QUALITY INDICATORS,0.060790273556231005
QUESTIONNAIRE,PRE-RENOVATION SAMPLE,0.060790273556231005
QUESTIONNAIRE,POST-RENOVATION SAMPLE,0.060790273556231005
QUESTIONNAIRE,QUALITY OF CARE,0.060790273556231005
PLASMA MMP-11 LEVELS,MMP-11 EXPRESSION,0.0425531914893617
PLASMA MMP-11 LEVELS,CLINICOPATHOLOGICAL CHARACTERISTICS,0.0425531914893617
MICROMETASTASIS,POSITIVE CYTOKERATIN STAINING,0.0851063829787234
OVERT METASTASIS,POSITIVE CYTOKERATIN STAINING,0.0851063829787234
MULTIVARIATE COX REGRESSION ANALYSIS,SURVIVAL,0.0851063829787234
POSITIVE CYTOKERATIN STAINING,LYMPH NODE EXAMINATION,0.059574468085106386
SURVIVAL,UNIVARIATE COX REGRESSION ANALYSIS,0.011914893617021277
SURVIVAL,MULTIVARIATE ANALYSES,0.011914893617021277
SURVIVAL,LOG-RANK TEST,0.011914893617021277
SURVIVAL,MEDICARE PATIENTS AGED 75 OR OLDER,0.011914893617021277
SURVIVAL,YOUNGER MEDICARE PATIENTS,0.011914893617021277
E-CADHERIN,LUMINAL EPITHELIAL CELLS,0.05673758865248227
E-CADHERIN,CARCINOMAS,0.05673758865248227
E-CADHERIN,P-CADHERIN,0.05673758865248227
E-CADHERIN,IMMUNOHISTOCHEMISTRY,0.05673758865248227
E-CADHERIN,DOUBLE-LABEL IMMUNOFLUORESCENCE,0.05673758865248227
E-CADHERIN,MAMMARY GLAND,0.05673758865248227
E-CADHERIN,CADHERIN EXPRESSION,0.05673758865248227
E-CADHERIN,DCLK1,0.05673758865248227
E-CADHERIN,EMT,0.05673758865248227
E-CADHERIN,IMMUNOFLUORESCENCE,0.05673758865248227
E-CADHERIN,CONCURRENT LOSS OF N- AND E-CADHERIN EXPRESSIONS,0.05673758865248227
E-CADHERIN,POSITIVE CORRELATION BETWEEN N- AND E-CADHERIN EXPRESSION,0.05673758865248227
E-CADHERIN,ZEB1 SIRNA,0.05673758865248227
E-CADHERIN,WESTERN BLOT,0.05673758865248227
E-CADHERIN,EPITHELIAL-MESENCHYMAL TRANSITION,0.05673758865248227
DYSLIPIDEMIA,INFLAMMATORY CYTOKINES,0.05319148936170213
DYSLIPIDEMIA,LIPID PEROXIDATION (LPO),0.05319148936170213
DYSLIPIDEMIA,ENDOTHELIAL DYSFUNCTION,0.05319148936170213
DYSLIPIDEMIA,HYPERCHOLESTEROLEMIA,0.05319148936170213
DYSLIPIDEMIA,HIGH-FAT DIET (HF),0.05319148936170213
DYSLIPIDEMIA,HIGH-FAT/HIGH-SUCROSE DIET (HFHS),0.05319148936170213
DYSLIPIDEMIA,HIGH-FAT/VERY HIGH-SUCROSE DIET (HFVHS),0.05319148936170213
DYSLIPIDEMIA,VERY HIGH-SUCROSE DIET (VHS),0.05319148936170213
DYSLIPIDEMIA,DIETARY FAT INTAKE,0.05319148936170213
DYSLIPIDEMIA,PLASMA LIPIDS,0.05319148936170213
DYSLIPIDEMIA,LOW HDL,0.05319148936170213
DYSLIPIDEMIA,HYPERTRIGLYCERIDAEMIA,0.05319148936170213
DYSLIPIDEMIA,HYPERCHOLESTEROLAEMIA,0.05319148936170213
DYSLIPIDEMIA,ELEVATED TG/HDL RATIO (>5.0),0.05319148936170213
DYSLIPIDEMIA,ELEVATED LDL (≥160 MG/DL),0.05319148936170213
DYSLIPIDEMIA,ELEVATED NON-HDL-C (≥130 MG/DL),0.05319148936170213
TNF-Α,CPFA,0.07588652482269503
TNF-Α,STNFR-I,0.07588652482269503
TNF-Α,STNFR-II,0.07588652482269503
TNF-Α,PLASMA LEVELS,0.07588652482269503
TNF-Α,FIRST CPFA SESSION,0.07588652482269503
TNF-Α,SECOND CPFA SESSION,0.07588652482269503
TNF-Α,INFLAMMATORY CYTOKINES,0.07588652482269503
TNF-Α,PRO-INFLAMMATORY CYTOKINES,0.07588652482269503
TNF-Α,IL-1Β,0.07588652482269503
TNF-Α,NORMOGLYCEMIC INDIVIDUALS WITH DYSLIPIDEMIA (NG/D),0.07588652482269503
TNF-Α,CCL11,0.07588652482269503
TNF-Α,CCL5,0.07588652482269503
STNFR-I,CPFA,0.009929078014184398
STNFR-I,PLASMA LEVELS,0.009929078014184398
STNFR-I,CYTOKINE RATIOS,0.009929078014184398
STNFR-I,CENTRAL FAT DISTRIBUTION,0.009929078014184398
STNFR-I,MODERATE ACUTE PANCREATITIS,0.009929078014184398
STNFR-II,CPFA,0.012411347517730495
STNFR-II,PLASMA LEVELS,0.012411347517730495
STNFR-II,CYTOKINE RATIOS,0.012411347517730495
STNFR-II,MODERATE ACUTE PANCREATITIS,0.012411347517730495
NORMOGLYCEMIC INDIVIDUALS WITH DYSLIPIDEMIA (NG/D),STUDY (INVESTIGATION OF DIABETES AND DYSLIPIDEMIA EFFECTS),0.04964539007092198
VASCULAR ENDOTHELIAL GROWTH FACTOR (VEGF),SHORT-TERM ATORVASTATIN CLINICAL STUDY,0.05319148936170213
VASCULAR ENDOTHELIAL GROWTH FACTOR (VEGF),PREECLAMPSIA (PE),0.05319148936170213
VASCULAR ENDOTHELIAL GROWTH FACTOR (VEGF),PERIPHERAL BLOOD MONONUCLEAR CELLS (PBMCS),0.05319148936170213
VASCULAR ENDOTHELIAL GROWTH FACTOR (VEGF),SOLUBLE FMS-LIKE TYROSINE KINASE-1 (SFLT-1),0.05319148936170213
VASCULAR ENDOTHELIAL GROWTH FACTOR (VEGF),CROSS-SECTIONAL STUDY,0.05319148936170213
VASCULAR ENDOTHELIAL GROWTH FACTOR (VEGF),LONGITUDINAL STUDY,0.05319148936170213
VASCULAR ENDOTHELIAL GROWTH FACTOR (VEGF),ROBUST LINEAR REGRESSION MODEL,0.05319148936170213
VASCULAR ENDOTHELIAL GROWTH FACTOR (VEGF),SERUM VEGF,0.05319148936170213
VASCULAR ENDOTHELIAL GROWTH FACTOR (VEGF),AGE (PATIENTS' AGE),0.05319148936170213
VASCULAR ENDOTHELIAL GROWTH FACTOR (VEGF),ANGIOGENESIS,0.05319148936170213
VASCULAR ENDOTHELIAL GROWTH FACTOR (VEGF),SURVIVAL OUTCOME (SURVIVORS VS NON-SURVIVORS),0.05319148936170213
VASCULAR ENDOTHELIAL GROWTH FACTOR (VEGF),SERUM,0.05319148936170213
VASCULAR ENDOTHELIAL GROWTH FACTOR (VEGF),WNT/Β-CATENIN SIGNALING PATHWAY,0.05319148936170213
VASCULAR ENDOTHELIAL GROWTH FACTOR (VEGF),ELISA,0.05319148936170213
VASCULAR ENDOTHELIAL GROWTH FACTOR (VEGF),WESTERN BLOTTING,0.05319148936170213
VASCULAR ENDOTHELIAL GROWTH FACTOR (VEGF),SIRNA-MEDIATED TF SILENCING,0.05319148936170213
HAZARD RATIO (HR),95% CONFIDENCE INTERVAL (95% CI),0.2127659574468085
HAZARD RATIO (HR),95% CONFIDENCE INTERVAL (CI),0.2127659574468085
HAZARD RATIO (HR),NON‑PULMONARY VEIN (PV) ECTOPIC BEATS,0.2127659574468085
HAZARD RATIO (HR),CONFIDENCE INTERVAL (CI),0.2127659574468085
95% CONFIDENCE INTERVAL (95% CI),RISK RATIO,0.14893617021276595
GASTRIC CANCER,KASHMIR VALLEY CASE-CONTROL STUDY,0.06546644844517185
GASTRIC CANCER,SMOKING,0.06546644844517185
GASTRIC CANCER,SALTED TEA CONSUMPTION,0.06546644844517185
GASTRIC CANCER,GASTRIC CANCER CASES,0.06546644844517185
GASTRIC CANCER,HEALTHY CONTROLS,0.06546644844517185
GASTRIC CANCER,TNM STAGE,0.06546644844517185
GASTRIC CANCER,LAUREN’S CLASSIFICATION,0.06546644844517185
GASTRIC CANCER,LYMPH NODE METASTASIS,0.06546644844517185
GASTRIC CANCER,RECURRENCE-FREE SURVIVAL (RFS),0.06546644844517185
GASTRIC CANCER,OVERALL SURVIVAL (OS),0.06546644844517185
GASTRIC CANCER,PATIENTS (COHORT),0.06546644844517185
GASTRIC CANCER,PERIOPERATIVE CHEMOTHERAPY,0.06546644844517185
GASTRIC CANCER,ADJUVANT CHEMOTHERAPY,0.06546644844517185
KASHMIR VALLEY CASE-CONTROL STUDY,GENOTYPING,0.006546644844517184
KASHMIR VALLEY CASE-CONTROL STUDY,CHI-SQUARED TEST,0.006546644844517184
KASHMIR VALLEY CASE-CONTROL STUDY,LOGISTIC REGRESSION,0.006546644844517184
KASHMIR VALLEY CASE-CONTROL STUDY,GASTRIC CANCER CASES,0.006546644844517184
KASHMIR VALLEY CASE-CONTROL STUDY,HEALTHY CONTROLS,0.006546644844517184
KASHMIR VALLEY CASE-CONTROL STUDY,SMOKING,0.006546644844517184
KASHMIR VALLEY CASE-CONTROL STUDY,SALTED TEA CONSUMPTION,0.006546644844517184
TNM STAGE,LYMPH NODE METASTASIS,0.022913256955810146
TNM STAGE,MULTIVARIATE COX REGRESSION ANALYSIS,0.022913256955810146
RECURRENCE-FREE SURVIVAL (RFS),SURVIVAL ANALYSIS,0.009165302782324058
RECURRENCE-FREE SURVIVAL (RFS),UNWEIGHTED ANALYSES,0.009165302782324058
RECURRENCE-FREE SURVIVAL (RFS),HAZARD RATIO (HR),0.009165302782324058
RECURRENCE-FREE SURVIVAL (RFS),P VALUE,0.009165302782324058
RECURRENCE-FREE SURVIVAL (RFS),RECURRENCE,0.009165302782324058
PERIOPERATIVE CHEMOTHERAPY,ADJUVANT CHEMOTHERAPY,0.0057283142389525366
PERIOPERATIVE CHEMOTHERAPY,OVERALL SURVIVAL (OS),0.0057283142389525366
PERIOPERATIVE CHEMOTHERAPY,RADICAL RESECTION,0.0057283142389525366
PERIOPERATIVE CHEMOTHERAPY,POST-OPERATIVE COMPLICATIONS,0.0057283142389525366
PERIOPERATIVE CHEMOTHERAPY,ADVERSE EFFECTS OF CHEMOTHERAPY,0.0057283142389525366
PERIOPERATIVE CHEMOTHERAPY,P VALUE,0.0057283142389525366
PERIOPERATIVE CHEMOTHERAPY,NEOADJUVANT CHEMOTHERAPY,0.0057283142389525366
PERIOPERATIVE CHEMOTHERAPY,COMBINATION CHEMOTHERAPY,0.0057283142389525366
ADJUVANT CHEMOTHERAPY,OVERALL SURVIVAL (OS),0.015275504637206764
ADJUVANT CHEMOTHERAPY,POST-OPERATIVE COMPLICATIONS,0.015275504637206764
ADJUVANT CHEMOTHERAPY,ADVERSE EFFECTS OF CHEMOTHERAPY,0.015275504637206764
PRE-IMPLEMENTATION PERIOD (APRIL 2010 - SEPTEMBER 2010),BLOOD GAS UTILIZATION,0.11914893617021277
POST-IMPLEMENTATION PERIOD (APRIL 2011 - SEPTEMBER 2011),BLOOD GAS UTILIZATION,0.11914893617021277
STUDY PATIENTS,OPERATIVE DEATH / HOSPITAL DEATH,0.059574468085106386
STUDY PATIENTS,COHORT OF 164 PATIENTS,0.059574468085106386
PROSPECTIVELY COLLECTED DATA,PATIENT COHORT (92 PATIENTS),0.11914893617021277
COLORECTAL CANCER,TISSUE MICROARRAY (TMA),0.05319148936170213
COLORECTAL CANCER,SMC-4 KNOCKDOWN,0.05319148936170213
COLORECTAL CANCER,CELL PROLIFERATION,0.05319148936170213
COLORECTAL CANCER,CELL CYCLING,0.05319148936170213
COLORECTAL CANCER,APOPTOSIS,0.05319148936170213
COLORECTAL CANCER,SMC-4 MRNA,0.05319148936170213
COLORECTAL CANCER,SMC-4 PROTEIN,0.05319148936170213
COLORECTAL CANCER,MALIGNANCIES,0.05319148936170213
COLORECTAL CANCER,METASTASIS,0.05319148936170213
COLORECTAL CANCER,TREATMENT RESISTANCE,0.05319148936170213
COLORECTAL CANCER,TNM SYSTEM,0.05319148936170213
COLORECTAL CANCER,THROMBOMODULIN (TM),0.05319148936170213
COLORECTAL CANCER,HCT116 CELLS,0.05319148936170213
COLORECTAL CANCER,TUMOUR,0.05319148936170213
COLORECTAL CANCER,WNT/BETA-CATENIN SIGNALLING,0.05319148936170213
COLORECTAL CANCER,MUTATIONS,0.05319148936170213
IL-10,CPFA,0.1
IL-10,PLASMA LEVELS,0.1
IL-10,SECOND CPFA SESSION,0.1
IL-10,ELISA,0.1
IL-10,IMMUNOSUPPRESSION,0.1
IL-10,TNF-Α,0.1
IL-10,IFN-Γ,0.1
IL-10,IL-4,0.1
IL-10,ANTI-INFLAMMATORY CYTOKINES,0.1
IL-10,CYTOKINE SECRETION,0.1
IFN-Γ,ELISA,0.029787234042553193
IFN-Γ,TUMOR-INFILTRATING LYMPHOCYTES,0.029787234042553193
IL-4,ANTI-INFLAMMATORY CYTOKINES,0.019858156028368795
IL-4,BRONCHIAL EPITHELIAL CELLS (BEC),0.019858156028368795
IL-4,CYTOKINES,0.019858156028368795
SINGLE NUCLEOTIDE POLYMORPHISMS (SNPS),HOMOPLASMIC DISTRIBUTION PATTERN,0.0851063829787234
SINGLE NUCLEOTIDE POLYMORPHISMS (SNPS),MICROEVOLUTION,0.0851063829787234
SINGLE NUCLEOTIDE POLYMORPHISMS (SNPS),BIOMARKERS,0.0851063829787234
SINGLE NUCLEOTIDE POLYMORPHISMS (SNPS),ENDOCRINE AND IMMUNE MOLECULES,0.0851063829787234
SINGLE NUCLEOTIDE POLYMORPHISMS (SNPS),STUDY,0.0851063829787234
SINGLE NUCLEOTIDE POLYMORPHISMS (SNPS),MARKER SUBSETS,0.0851063829787234
SINGLE NUCLEOTIDE POLYMORPHISMS (SNPS),GENOME-WIDE ASSOCIATION STUDY (GWAS),0.0851063829787234
SINGLE NUCLEOTIDE POLYMORPHISMS (SNPS),POPULATION ANALYSIS STUDY,0.0851063829787234
SINGLE NUCLEOTIDE POLYMORPHISMS (SNPS),GENOTYPING,0.0851063829787234
SINGLE NUCLEOTIDE POLYMORPHISMS (SNPS),ALLELE FREQUENCIES,0.0851063829787234
GENOME-WIDE ASSOCIATION STUDY (GWAS),META-ANALYSIS,0.007446808510638298
GENOME-WIDE ASSOCIATION STUDY (GWAS),EGEA STUDY (FRENCH EPIDEMIOLOGICAL STUDY ON THE GENETICS AND ENVIRONMENT OF ASTHMA),0.007446808510638298
GENOME-WIDE ASSOCIATION STUDY (GWAS),HUTTERITES,0.007446808510638298
GENOME-WIDE ASSOCIATION STUDY (GWAS),TALANA STUDY,0.007446808510638298
GENOME-WIDE ASSOCIATION STUDY (GWAS),GENETIC DETERMINANTS / GENETIC VARIATION,0.007446808510638298
GENOME-WIDE ASSOCIATION STUDY (GWAS),BEACON,0.007446808510638298
GENOME-WIDE ASSOCIATION STUDY (GWAS),RS3072,0.007446808510638298
GENOME-WIDE ASSOCIATION STUDY (GWAS),RS2701108,0.007446808510638298
POPULATION ANALYSIS STUDY,POPULATION STRUCTURE,0.011914893617021277
POPULATION ANALYSIS STUDY,CARDIOVASCULAR DISEASES,0.011914893617021277
POPULATION ANALYSIS STUDY,GENETIC VARIATION,0.011914893617021277
POPULATION ANALYSIS STUDY,SELECTION,0.011914893617021277
POPULATION ANALYSIS STUDY,DEMOGRAPHIC PROCESSES,0.011914893617021277
ALLELE FREQUENCIES,PHENOTYPING,0.029787234042553193
ALLELE FREQUENCIES,CASE-CONTROL STUDY,0.029787234042553193
NEUROPROTECTION,HIPPOCAMPAL CYTOARCHITECTURE,0.2127659574468085
NEUROPROTECTION,HEK CELL INFUSION,0.2127659574468085
NEUROPROTECTION,HEK-CM INFUSION,0.2127659574468085
NEUROPROTECTION,HISTOPATHOLOGY / HISTOLOGICAL ASSESSMENT,0.2127659574468085
HIPPOCAMPAL CYTOARCHITECTURE,HISTOPATHOLOGY / HISTOLOGICAL ASSESSMENT,0.14893617021276595
HEK CELL INFUSION,INTRAVENOUS (TAIL VEIN) INFUSION,0.14893617021276595
HEK-CM INFUSION,INTRAVENOUS (TAIL VEIN) INFUSION,0.14893617021276595
METABOLIC SYNDROME,INTACT PARATHYROID HORMONE (PTH),0.0851063829787234
METABOLIC SYNDROME,OSTEOCALCIN,0.0851063829787234
METABOLIC SYNDROME,INSULIN RESISTANCE,0.0851063829787234
METABOLIC SYNDROME,OBESITY,0.0851063829787234
METABOLIC SYNDROME,WHTR CUTOFF ≥0.55,0.0851063829787234
METABOLIC SYNDROME,MULTIVARIATE LOGISTIC ANALYSIS,0.0851063829787234
METABOLIC SYNDROME,METABOLIC DISEASES,0.0851063829787234
METABOLIC SYNDROME,ODDS RATIO AND 95% CONFIDENCE INTERVALS,0.0851063829787234
METABOLIC SYNDROME,P-VALUE,0.0851063829787234
METABOLIC SYNDROME,LOW-GRADE CHRONIC INFLAMMATION,0.0851063829787234
OSTEOCALCIN,BONE FORMATION,0.029787234042553193
OSTEOCALCIN,OSTEOBLASTIC MARKER GENES,0.029787234042553193
INSULIN RESISTANCE,HIGH-FAT DIET (RATS),0.01895551257253385
INSULIN RESISTANCE,ALBUMINURIA,0.01895551257253385
INSULIN RESISTANCE,PODOCYTES,0.01895551257253385
INSULIN RESISTANCE,MULTIVARIATE LOGISTIC ANALYSIS,0.01895551257253385
INSULIN RESISTANCE,METABOLIC DISEASES,0.01895551257253385
INSULIN RESISTANCE,HYPERGLYCEMIA,0.01895551257253385
INSULIN RESISTANCE,ANTI-INFLAMMATORY AGENTS,0.01895551257253385
INSULIN RESISTANCE,CROSS-SECTIONAL STUDY,0.01895551257253385
INSULIN RESISTANCE,INSULIN-STIMULATED AKT PHOSPHORYLATION,0.01895551257253385
INSULIN RESISTANCE,AKT SIGNALING,0.01895551257253385
INSULIN RESISTANCE,DIABETES,0.01895551257253385
EMERGENCY DEPARTMENT,RETROSPECTIVE COST EVALUATION STUDY,0.12158054711246201
EMERGENCY DEPARTMENT,HOSPITALISATION,0.12158054711246201
EMERGENCY DEPARTMENT,OUTPATIENT TREATMENT,0.12158054711246201
EMERGENCY DEPARTMENT,OUTPATIENTS,0.12158054711246201
EMERGENCY DEPARTMENT,ALERT REVIEW,0.12158054711246201
EMERGENCY DEPARTMENT,PROSPECTIVE AND OBSERVATIONAL STUDY,0.12158054711246201
EMERGENCY DEPARTMENT,FINGER STICK TESTING,0.12158054711246201
RETROSPECTIVE COST EVALUATION STUDY,HOSPITALISATION,0.028368794326241134
RETROSPECTIVE COST EVALUATION STUDY,ELECTRONIC HOSPITAL FILES,0.028368794326241134
RETROSPECTIVE COST EVALUATION STUDY,STUDY PERIOD (13-YEAR PERIOD),0.028368794326241134
HOSPITALISATION,LENGTH OF HOSPITAL STAY,0.02127659574468085
HOSPITALISATION,GESTATIONAL AGE,0.02127659574468085
HOSPITALISATION,GENDER,0.02127659574468085
HOSPITALISATION,AGE ON ADMISSION,0.02127659574468085
PROSPECTIVE AND OBSERVATIONAL STUDY,CAPILLARY GLUCOSE MEASUREMENT,0.0425531914893617
PROSPECTIVE AND OBSERVATIONAL STUDY,VENOUS GLUCOSE MEASUREMENT,0.0425531914893617
FINGER STICK TESTING,BLOOD GLUCOSE,0.02127659574468085
FINGER STICK TESTING,CAPILLARY GLUCOSE MEASUREMENT,0.02127659574468085
FINGER STICK TESTING,300 CRITICAL PATIENTS,0.02127659574468085
FINGER STICK TESTING,EMERGENCY CASES,0.02127659574468085
HEPATOCELLULAR CARCINOMA (HCC),PROSPECTIVE STUDY,0.07736943907156674
HEPATOCELLULAR CARCINOMA (HCC),FIFTY-ONE CONSECUTIVE PATIENTS,0.07736943907156674
HEPATOCELLULAR CARCINOMA (HCC),FOLLOW-UP PERIOD,0.07736943907156674
HEPATOCELLULAR CARCINOMA (HCC),PEKING UNION MEDICAL COLLEGE HOSPITAL,0.07736943907156674
HEPATOCELLULAR CARCINOMA (HCC),ONE YEAR AFTER BIRTH,0.07736943907156674
HEPATOCELLULAR CARCINOMA (HCC),CIRRHOSIS,0.07736943907156674
HEPATOCELLULAR CARCINOMA (HCC),ESOPHAGEAL VARICEAL BLEEDING (EVB),0.07736943907156674
HEPATOCELLULAR CARCINOMA (HCC),DEVASCULARIZATION PLUS LIVER RESECTION,0.07736943907156674
HEPATOCELLULAR CARCINOMA (HCC),DEVASCULARIZATION PLUS RADIOFREQUENCY ABLATION,0.07736943907156674
HEPATOCELLULAR CARCINOMA (HCC),BCLC STAGE 0/A,0.07736943907156674
HEPATOCELLULAR CARCINOMA (HCC),TUMOR RECURRENCE,0.07736943907156674
PROSPECTIVE STUDY,FIFTY-ONE CONSECUTIVE PATIENTS,0.003610573823339781
PROSPECTIVE STUDY,ROUTINE OBSTETRIC POPULATION,0.003610573823339781
PROSPECTIVE STUDY,ELECTRIC STIMULATOR,0.003610573823339781
PROSPECTIVE STUDY,TWENTY-TWO PATIENTS (COHORT),0.003610573823339781
PROSPECTIVE STUDY,D-1,0.003610573823339781
PROSPECTIVE STUDY,D2 (DAY+2),0.003610573823339781
PROSPECTIVE STUDY,D15,0.003610573823339781
PROSPECTIVE STUDY,M2 (MONTH+2),0.003610573823339781
PROSPECTIVE STUDY,M3,0.003610573823339781
PROSPECTIVE STUDY,M6,0.003610573823339781
PROSPECTIVE STUDY,FIRST ANTERIOR MYOCARDIAL INFARCTION,0.003610573823339781
PROSPECTIVE STUDY,ADMISSION,0.003610573823339781
PROSPECTIVE STUDY,SEVENTY-TWO HOURS,0.003610573823339781
PROSPECTIVE STUDY,FIRST WEEK,0.003610573823339781
PROSPECTIVE STUDY,SIX MONTHS,0.003610573823339781
PEKING UNION MEDICAL COLLEGE HOSPITAL,586 HCC PATIENTS,0.027079303675048357
PEKING UNION MEDICAL COLLEGE HOSPITAL,STUDY PERIOD (JANUARY 1989 – JANUARY 2011),0.027079303675048357
ESOPHAGEAL VARICEAL BLEEDING (EVB),SURGICAL APPROACH,0.027079303675048357
ESOPHAGEAL VARICEAL BLEEDING (EVB),ESOPHAGEAL VARICES,0.027079303675048357
DEVASCULARIZATION PLUS LIVER RESECTION,GROUP A,0.05415860735009671
DEVASCULARIZATION PLUS RADIOFREQUENCY ABLATION,GROUP B,0.05415860735009671
BCLC STAGE 0/A,BCLC (BARCELONA CLINIC LIVER CANCER),0.05415860735009671
TUMOR RECURRENCE,AGE,0.027079303675048357
TUMOR RECURRENCE,CLINICAL STUDY,0.027079303675048357
HEART RATE,GLY389-HETEROZYGOTES,0.2127659574468085
HEART RATE,GLY389-HOMOZYGOTES,0.2127659574468085
HEART RATE,GLY389 CARRIERS,0.2127659574468085
HEART RATE,EAA–CHRONOLOGICAL AGE DIFFERENCE,0.2127659574468085
EAA–CHRONOLOGICAL AGE DIFFERENCE,MALE SEX,0.14893617021276595
FIBROSIS,FIBROGENESIS,0.2127659574468085
FIBROSIS,FIBROGENIC GENES,0.2127659574468085
FIBROSIS,HSC ACTIVATION,0.2127659574468085
FIBROSIS,TECHNIQUES TO MEASURE FIBROSIS AND LIPIDS,0.2127659574468085
FIBROGENESIS,HEPATIC STELLATE CELLS (HSCS),0.14893617021276595
ASPARTATE AMINOTRANSFERASE (AST),SITTING TO STANDING,0.1702127659574468
ASPARTATE AMINOTRANSFERASE (AST),LIVER BIOMARKERS,0.1702127659574468
ASPARTATE AMINOTRANSFERASE (AST),LIGHT DRINKERS,0.1702127659574468
ASPARTATE AMINOTRANSFERASE (AST),OXIDATIVE STRESS,0.1702127659574468
ASPARTATE AMINOTRANSFERASE (AST),HEPATIC INJURY,0.1702127659574468
LIVER BIOMARKERS,HEPATIC CONTRIBUTION TO SERUM DPP4 ACTIVITY,0.11914893617021277
LIGHT DRINKERS,NON-DRINKERS,0.11914893617021277
MACROPHAGES,GAIN- AND LOSS-OF-FUNCTION STUDIES,0.2127659574468085
MACROPHAGES,SERUM CYTOKINES,0.2127659574468085
MACROPHAGES,LPS-STIMULATED MACROPHAGE MODEL,0.2127659574468085
MACROPHAGES,IMMUNOSUPPRESSIVE TUMOR MICROENVIRONMENT,0.2127659574468085
SERUM CYTOKINES,ELISA,0.07446808510638298
SERUM CYTOKINES,PROINFLAMMATORY MARKERS,0.07446808510638298
EPILEPSY,DEVELOPMENTAL BRAIN DISORDERS,0.1702127659574468
EPILEPSY,SEIZURES,0.1702127659574468
EPILEPSY,SYNAPTIC PLASTICITY,0.1702127659574468
EPILEPSY,EXCITABILITY,0.1702127659574468
EPILEPSY,VAGUS NERVE STIMULATION (VNS),0.1702127659574468
SEIZURES,INFLAMMATORY PROCESS,0.11914893617021277
EXCITABILITY,LATERAL HYPOTHALAMUS (LHA),0.03971631205673759
EXCITABILITY,LHA INACTIVATION,0.03971631205673759
EXCITABILITY,GLUTAMATE (HIPPOCAMPAL GLUTAMATE CONTENT),0.03971631205673759
VAGUS NERVE STIMULATION (VNS),GAMMA-BAND OSCILLATIONS (CORTICAL GAMMA RHYTHMS),0.013238770685579196
VAGUS NERVE STIMULATION (VNS),EPILEPSY,0.013238770685579196
VAGUS NERVE STIMULATION (VNS),KA-VNS,0.013238770685579196
VAGUS NERVE STIMULATION (VNS),SAL-VNS,0.013238770685579196
VAGUS NERVE STIMULATION (VNS),SACCHARIN PREFERENCE (OUTCOME),0.013238770685579196
VAGUS NERVE STIMULATION (VNS),QUININE AVERSION (OUTCOME),0.013238770685579196
VAGUS NERVE STIMULATION (VNS),ANTI-EPILEPTIC DRUG THERAPY,0.013238770685579196
VAGUS NERVE STIMULATION (VNS),NON-PHARMACOLOGICAL NEUROMODULATORY TREATMENTS,0.013238770685579196
VAGUS NERVE STIMULATION (VNS),TWO-WEEK VNS TREATMENT,0.013238770685579196
INFLAMMATORY PROCESS,SIMULATED INFLAMMATORY CONDITIONS,0.08340425531914894
MEN,HIGH ACCESSIBILITY,0.2127659574468085
MEN,RECURRENCE OF HEPATIC DECOMPENSATION,0.2127659574468085
MEN,CSF BIOMARKERS,0.2127659574468085
MEN,SURVEY RESPONDENTS,0.2127659574468085
CSF BIOMARKERS,SUBJECTS,0.04964539007092198
CSF BIOMARKERS,CERAD-NB SUBTESTS,0.04964539007092198
CSF BIOMARKERS,CERAD-NB TOTAL SCORE,0.04964539007092198
SURVEY RESPONDENTS,STUDY,0.07446808510638298
SURVEY RESPONDENTS,"SAMPLE SIZE 1,674",0.07446808510638298
FOLLOW-UP,TREATMENT DURATION,0.34988179669030733
FOLLOW-UP,PATIENT,0.34988179669030733
FOLLOW-UP,RETROSPECTIVE EVALUATION,0.34988179669030733
TREATMENT DURATION,PATIENTS,0.2449172576832151
PATIENT,RAPID-ONSET GENERALIZED DOPA-RESPONSIVE DYSTONIA,0.008445422678731556
PATIENT,DELAYED SPEECH DEVELOPMENT,0.008445422678731556
PATIENT,ATTENTION DEFICIT HYPERACTIVITY DISORDER,0.008445422678731556
PATIENT,GENERALIZED DYSTONIC MOVEMENTS,0.008445422678731556
PATIENT,ATHETOID MOVEMENTS,0.008445422678731556
PATIENT,GAIT IMPAIRMENT,0.008445422678731556
PATIENT,DYSTONIC POSTURES,0.008445422678731556
PATIENT,RESTING TREMOR,0.008445422678731556
PATIENT,ACTION TREMOR,0.008445422678731556
PATIENT,DYSARTHRIC SPEECH,0.008445422678731556
PATIENT,HYPOMETRIC HORIZONTAL AND VERTICAL SACCADES (SACCADIC DYSFUNCTION),0.008445422678731556
PATIENT,PECTUS CARINATUM,0.008445422678731556
PATIENT,SPLENOMEGALY,0.008445422678731556
PATIENT,BRAIN MAGNETIC RESONANCE IMAGING (MRI),0.008445422678731556
PATIENT,ELECTROENCEPHALOGRAPHY (EEG),0.008445422678731556
PATIENT,LEVODOPA/CARBIDOPA,0.008445422678731556
PATIENT,"SOX6 DELETION CHR11:15944880-16029095 (84-KB, EXONS 14-16)",0.008445422678731556
PATIENT,LABORATORY STUDIES,0.008445422678731556
PATIENT,PHYSICAL EXAMINATION,0.008445422678731556
PATIENT,NEUROLOGICAL EXAMINATION,0.008445422678731556
PATIENT,CEREBRAL INFARCT,0.008445422678731556
PATIENT,LATENT SYPHILIS,0.008445422678731556
PATIENT,NONTREPONEMAL TEST,0.008445422678731556
PATIENT,ANTITREPONEMAL IGM TEST,0.008445422678731556
PATIENT,BENZATHINE PENICILLIN,0.008445422678731556
PATIENT,AQUEOUS CRYSTALLINE PENICILLIN G,0.008445422678731556
PATIENT,RABBIT INOCULATION,0.008445422678731556
PATIENT,TWO-YEAR FOLLOW-UP,0.008445422678731556
PATIENT,DISEASE REGRESSION,0.008445422678731556
RETROSPECTIVE EVALUATION,DESCRIPTIVE STATISTICS,0.08163908589440504
RETROSPECTIVE EVALUATION,MULTIVARIABLE LOGISTIC REGRESSION,0.08163908589440504
RETROSPECTIVE EVALUATION,STUDY PERIOD 2000-2012,0.08163908589440504
TYPE 2 DIABETES MELLITUS,CROSS-SECTIONAL STUDY,0.03868471953578337
TYPE 2 DIABETES MELLITUS,ATHEROGENIC RISK (CIMT ≥ 1 MM),0.03868471953578337
TYPE 2 DIABETES MELLITUS,STUDY COHORT (40 ADULT PATIENTS),0.03868471953578337
TYPE 2 DIABETES MELLITUS,ATHEROGENIC RISK MODEL,0.03868471953578337
TYPE 2 DIABETES MELLITUS,BMI,0.03868471953578337
TYPE 2 DIABETES MELLITUS,HOMA-IR,0.03868471953578337
TYPE 2 DIABETES MELLITUS,KOREAN WOMEN AGED 20-50,0.03868471953578337
TYPE 2 DIABETES MELLITUS,AGE ADJUSTMENT,0.03868471953578337
TYPE 2 DIABETES MELLITUS,IMPAIRED FASTING GLUCOSE,0.03868471953578337
TYPE 2 DIABETES MELLITUS,HEARING IMPAIRMENT,0.03868471953578337
TYPE 2 DIABETES MELLITUS,URINE ALBUMIN-TO-CREATININE RATIO,0.03868471953578337
TYPE 2 DIABETES MELLITUS,STUDY ENROLLMENT MARCH–SEPTEMBER 2011,0.03868471953578337
TYPE 2 DIABETES MELLITUS,OXIDATIVE STRESS,0.03868471953578337
TYPE 2 DIABETES MELLITUS,DIABETES-ASSOCIATED MICROVASCULAR DISEASE,0.03868471953578337
TYPE 2 DIABETES MELLITUS,GLYCOSYLATED HEMOGLOBIN (HBA1C),0.03868471953578337
TYPE 2 DIABETES MELLITUS,SYSTOLIC BLOOD PRESSURE,0.03868471953578337
TYPE 2 DIABETES MELLITUS,LOW-DENSITY LIPOPROTEIN CHOLESTEROL (LDL-C),0.03868471953578337
TYPE 2 DIABETES MELLITUS,COGNITIVE DYSFUNCTION,0.03868471953578337
TYPE 2 DIABETES MELLITUS,OLDER ADULTS,0.03868471953578337
TYPE 2 DIABETES MELLITUS,RANDOMIZED OPEN‑FASHION SINGLE‑CENTRE STUDY,0.03868471953578337
TYPE 2 DIABETES MELLITUS,GLYCATED HAEMOGLOBIN (HBA1C),0.03868471953578337
TYPE 2 DIABETES MELLITUS,NEW‑ONSET DIABETES,0.03868471953578337
THIS STUDY,UNIVARIATE ANALYSES,0.14184397163120568
THIS STUDY,WESTERN BLOT ANALYSIS,0.14184397163120568
THIS STUDY,SIX INDIVIDUALS (PATIENTS),0.14184397163120568
THIS STUDY,BODY MASS INDEX (BMI),0.14184397163120568
THIS STUDY,WAIST CIRCUMFERENCE,0.14184397163120568
THIS STUDY,CYTOKINE PROFILE,0.14184397163120568
UNIVARIATE ANALYSES,LIVER HISTOLOGY COMPONENTS,0.09929078014184396
WAIST CIRCUMFERENCE,OBESITY,0.03309692671394799
WAIST CIRCUMFERENCE,CROSS-SECTIONAL STUDY,0.03309692671394799
WAIST CIRCUMFERENCE,SUICIDE ATTEMPT,0.03309692671394799
CYTOKINE PROFILE,DAY 1,0.04964539007092198
CYTOKINE PROFILE,DAY 2,0.04964539007092198
PLATELETS,ADP-INDUCED PLATELET ACTIVATION (ADP),0.05673758865248227
PLATELETS,TRAP6-INDUCED PLATELET ACTIVATION (TRAP6),0.05673758865248227
PLATELETS,WHOLE BLOOD,0.05673758865248227
PLATELETS,HEALTHY DONORS,0.05673758865248227
PLATELETS,LIVER REGENERATION,0.05673758865248227
PLATELETS,POSTOPERATIVE PLATELET COUNTS,0.05673758865248227
PLATELETS,TGF-BETA1 (TGF-Β1),0.05673758865248227
PLATELETS,FGF-B (FIBROBLAST GROWTH FACTOR-BASIC),0.05673758865248227
PLATELETS,PDGF-BB (PLATELET-DERIVED GROWTH FACTOR-BB),0.05673758865248227
PLATELETS,VEGF (VASCULAR ENDOTHELIAL GROWTH FACTOR),0.05673758865248227
PLATELETS,MMP-9 (MATRIX METALLOPROTEINASE-9),0.05673758865248227
PLATELETS,PLATELET-LEUKOCYTE INTERACTION,0.05673758865248227
PLATELETS,GROWTH FACTORS,0.05673758865248227
PLATELETS,PLATELET-FVIII EXPRESSION,0.05673758865248227
PLATELETS,TARGETING FVIII EXPRESSION TO PLATELETS,0.05673758865248227
MYOCARDIAL INFARCTION,INCIDENT CASES,0.07092198581560284
MYOCARDIAL INFARCTION,HIGH-SENSITIVITY CARDIAC TROPONIN T,0.07092198581560284
MYOCARDIAL INFARCTION,ELECTROCARDIOGRAMS,0.07092198581560284
MYOCARDIAL INFARCTION,PLASMA SOLUBLE P-SELECTIN,0.07092198581560284
MYOCARDIAL INFARCTION,SOLUBLE CD40 LIGAND,0.07092198581560284
MYOCARDIAL INFARCTION,THROMBOXANE B2 (TXB2),0.07092198581560284
MYOCARDIAL INFARCTION,MEAN PLATELET VOLUME,0.07092198581560284
MYOCARDIAL INFARCTION,PNEUMONIA SEVERITY INDEX SCORE,0.07092198581560284
MYOCARDIAL INFARCTION,EJECTION FRACTION,0.07092198581560284
MYOCARDIAL INFARCTION,ASPIRIN (100 MG/DAY),0.07092198581560284
MYOCARDIAL INFARCTION,SIGNS OF MYOCARDIAL INFARCTION,0.07092198581560284
MYOCARDIAL INFARCTION,PATIENT MATCHING,0.07092198581560284
HIGH-SENSITIVITY CARDIAC TROPONIN T,HOSPITALIZATION (EARLY PHASE),0.012411347517730495
HIGH-SENSITIVITY CARDIAC TROPONIN T,OBSERVATIONAL STUDY OF HOSPITALIZED PATIENTS,0.012411347517730495
HIGH-SENSITIVITY CARDIAC TROPONIN T,SERIAL MEASUREMENTS,0.012411347517730495
HIGH-SENSITIVITY CARDIAC TROPONIN T,SIGNS OF MYOCARDIAL INFARCTION,0.012411347517730495
ELECTROCARDIOGRAMS,SERIAL MEASUREMENTS,0.02482269503546099
ELECTROCARDIOGRAMS,SIGNS OF MYOCARDIAL INFARCTION,0.02482269503546099
PLASMA SOLUBLE P-SELECTIN,LOGISTIC REGRESSION ANALYSIS,0.02482269503546099
PLASMA SOLUBLE P-SELECTIN,ADMISSION,0.02482269503546099
SOLUBLE CD40 LIGAND,LOGISTIC REGRESSION ANALYSIS,0.02482269503546099
SOLUBLE CD40 LIGAND,ADMISSION,0.02482269503546099
THROMBOXANE B2 (TXB2),ASPIRIN (100 MG/DAY),0.016548463356973995
THROMBOXANE B2 (TXB2),LOGISTIC REGRESSION ANALYSIS,0.016548463356973995
THROMBOXANE B2 (TXB2),ADMISSION,0.016548463356973995
MEAN PLATELET VOLUME,LOGISTIC REGRESSION ANALYSIS,0.04964539007092198
PNEUMONIA SEVERITY INDEX SCORE,LOGISTIC REGRESSION ANALYSIS,0.04964539007092198
EJECTION FRACTION,LOGISTIC REGRESSION ANALYSIS,0.02482269503546099
EJECTION FRACTION,PATIENT MATCHING,0.02482269503546099
PATIENT MATCHING,AGE,0.02482269503546099
PATIENT MATCHING,SEX,0.02482269503546099
PHYSICAL ACTIVITY,LEFT VENTRICULAR MASS,0.07092198581560284
PHYSICAL ACTIVITY,LEFT VENTRICULAR VOLUME,0.07092198581560284
PHYSICAL ACTIVITY,RIGHT VENTRICULAR VOLUME,0.07092198581560284
PHYSICAL ACTIVITY,LEFT VENTRICULAR HYPERTROPHY,0.07092198581560284
PHYSICAL ACTIVITY,LEFT VENTRICULAR DILATATION,0.07092198581560284
PHYSICAL ACTIVITY,RIGHT VENTRICULAR DILATATION,0.07092198581560284
PHYSICAL ACTIVITY,VALIDATED ACTIVITY QUESTIONNAIRE,0.07092198581560284
PHYSICAL ACTIVITY,CARDIAC REMODELING,0.07092198581560284
PHYSICAL ACTIVITY,MEETING PHYSICAL ACTIVITY RECOMMENDATIONS,0.07092198581560284
PHYSICAL ACTIVITY,EXERCISE BEHAVIOR,0.07092198581560284
PHYSICAL ACTIVITY,WALKING,0.07092198581560284
PHYSICAL ACTIVITY,BIKING,0.07092198581560284
LEFT VENTRICULAR MASS,LEFT VENTRICULAR HYPERTROPHY,0.016548463356973995
LEFT VENTRICULAR MASS,CARDIAC PARAMETERS,0.016548463356973995
LEFT VENTRICULAR MASS,LEFT VENTRICLE,0.016548463356973995
LEFT VENTRICULAR VOLUME,BIVENTRICULAR VOLUMES,0.012411347517730495
LEFT VENTRICULAR VOLUME,LEFT VENTRICULAR DILATATION,0.012411347517730495
LEFT VENTRICULAR VOLUME,CARDIAC PARAMETERS,0.012411347517730495
LEFT VENTRICULAR VOLUME,LEFT VENTRICLE,0.012411347517730495
RIGHT VENTRICULAR VOLUME,BIVENTRICULAR VOLUMES,0.012411347517730495
RIGHT VENTRICULAR VOLUME,RIGHT VENTRICULAR DILATATION,0.012411347517730495
RIGHT VENTRICULAR VOLUME,CARDIAC PARAMETERS,0.012411347517730495
RIGHT VENTRICULAR VOLUME,RIGHT VENTRICLE,0.012411347517730495
LEFT VENTRICULAR HYPERTROPHY,STANDARD CARDIAC MAGNETIC RESONANCE NORMAL RANGES,0.04964539007092198
LEFT VENTRICULAR DILATATION,STANDARD CARDIAC MAGNETIC RESONANCE NORMAL RANGES,0.04964539007092198
RIGHT VENTRICULAR DILATATION,STANDARD CARDIAC MAGNETIC RESONANCE NORMAL RANGES,0.04964539007092198
VALIDATED ACTIVITY QUESTIONNAIRE,STUDY COHORT (THE STUDY),0.04964539007092198
EXERCISE BEHAVIOR,EXERCISE INTERVENTION,0.007092198581560283
EXERCISE BEHAVIOR,ACCELEROMETERS,0.007092198581560283
EXERCISE BEHAVIOR,QUESTIONNAIRES,0.007092198581560283
EXERCISE BEHAVIOR,REACTION TIME TASKS,0.007092198581560283
EXERCISE BEHAVIOR,OUTCOME EXPECTANCIES,0.007092198581560283
EXERCISE BEHAVIOR,IMPLICIT COGNITIONS,0.007092198581560283
EXERCISE BEHAVIOR,EXPECTANCY ACCESSIBILITY,0.007092198581560283
WALKING,SAFE ROUTES TO SCHOOL (SRTS) PROGRAM,0.006205673758865248
WALKING,PEDSTRIAN ENVIRONMENTAL DATA SCAN (PEDS),0.006205673758865248
WALKING,SCHOOLS,0.006205673758865248
WALKING,STUDENTS / SCHOOL-AGED CHILDREN,0.006205673758865248
WALKING,SCHOOL ENCOURAGEMENT,0.006205673758865248
WALKING,DISTANCE FROM SCHOOL,0.006205673758865248
WALKING,SPEED OF TRAFFIC,0.006205673758865248
WALKING,STUDENT PERMISSION (ASKING PERMISSION),0.006205673758865248
BIKING,SAFE ROUTES TO SCHOOL (SRTS) PROGRAM,0.006205673758865248
BIKING,PEDSTRIAN ENVIRONMENTAL DATA SCAN (PEDS),0.006205673758865248
BIKING,SCHOOLS,0.006205673758865248
BIKING,STUDENTS / SCHOOL-AGED CHILDREN,0.006205673758865248
BIKING,SCHOOL ENCOURAGEMENT,0.006205673758865248
BIKING,DISTANCE FROM SCHOOL,0.006205673758865248
BIKING,SPEED OF TRAFFIC,0.006205673758865248
BIKING,STUDENT PERMISSION (ASKING PERMISSION),0.006205673758865248
ISCHEMIC STROKE,INTERNAL CAROTID ARTERY (ICA) STENOSIS),0.07092198581560284
ISCHEMIC STROKE,SURGERY WITHIN 0-2 DAYS,0.07092198581560284
ISCHEMIC STROKE,SURGERY BETWEEN 3-7 DAYS,0.07092198581560284
ISCHEMIC STROKE,SURGERY BETWEEN 8-14 DAYS,0.07092198581560284
ISCHEMIC STROKE,SURGERY AFTER 14 DAYS (THEREAFTER),0.07092198581560284
ISCHEMIC STROKE,COHORT OF 761 SYMPTOMATIC PATIENTS,0.07092198581560284
ISCHEMIC STROKE,INCIDENT CASES,0.07092198581560284
ISCHEMIC STROKE,IRISH STROKE AND TIA REGISTER,0.07092198581560284
ISCHEMIC STROKE,STUDY COHORT (185 CASES),0.07092198581560284
ISCHEMIC STROKE,OBSERVATIONAL STUDY (2007-2012),0.07092198581560284
ISCHEMIC STROKE,ANTIPHOSPHOLIPID ANTIBODIES (APLS),0.07092198581560284
ISCHEMIC STROKE,YOUNG-ONSET ISCHEMIC STROKE,0.07092198581560284
COHORT OF 761 SYMPTOMATIC PATIENTS,PERI-OPERATIVE STROKE AND DEATH RATE,0.04964539007092198
IRISH STROKE AND TIA REGISTER,OUR INSTITUTE,0.02482269503546099
IRISH STROKE AND TIA REGISTER,ELECTRONIC DATABASES,0.02482269503546099
OBSERVATIONAL STUDY (2007-2012),SERUM ANTIBODY MEASUREMENT PROTOCOL,0.02482269503546099
OBSERVATIONAL STUDY (2007-2012),MULTIPLE LINEAR REGRESSION MODELS,0.02482269503546099
ANTIPHOSPHOLIPID ANTIBODIES (APLS),ANTICARDIOLIPIN ANTIBODIES (ACL),0.012411347517730495
ANTIPHOSPHOLIPID ANTIBODIES (APLS),ANTI-Β2-GLYCOPROTEIN I ANTIBODIES (ANTI-Β2GPI),0.012411347517730495
ANTIPHOSPHOLIPID ANTIBODIES (APLS),ANTIPROTHROMBIN ANTIBODIES (APS/PT),0.012411347517730495
ANTIPHOSPHOLIPID ANTIBODIES (APLS),SERUM ANTIBODY MEASUREMENT PROTOCOL,0.012411347517730495
CORONARY ARTERY DISEASE (CAD),LONG-TERM SURVIVAL,0.05673758865248227
CORONARY ARTERY DISEASE (CAD),UNIVARIATE ANALYSIS,0.05673758865248227
CORONARY ARTERY DISEASE (CAD),MULTIVARIATE ANALYSIS,0.05673758865248227
CORONARY ARTERY DISEASE (CAD),GERIATRIC PATIENTS,0.05673758865248227
CORONARY ARTERY DISEASE (CAD),STABLE ANGINA PECTORIS (SAP),0.05673758865248227
CORONARY ARTERY DISEASE (CAD),ACUTE CORONARY SYNDROME (ACS),0.05673758865248227
CORONARY ARTERY DISEASE (CAD),MIR-126-5P,0.05673758865248227
CORONARY ARTERY DISEASE (CAD),LEFT MAIN CORONARY ARTERY DISEASE (LMCA),0.05673758865248227
CORONARY ARTERY DISEASE (CAD),MULTI-VESSEL DISEASE,0.05673758865248227
CORONARY ARTERY DISEASE (CAD),STABLE ANGINA PECTORIS,0.05673758865248227
CORONARY ARTERY DISEASE (CAD),SYNTAX SCORE,0.05673758865248227
CORONARY ARTERY DISEASE (CAD),AGING,0.05673758865248227
CORONARY ARTERY DISEASE (CAD),DYSLIPIDEMIA,0.05673758865248227
CORONARY ARTERY DISEASE (CAD),DIABETES MELLITUS (DM),0.05673758865248227
CORONARY ARTERY DISEASE (CAD),GUANGZHOU CHINESE POPULATION COHORT,0.05673758865248227
MULTIVARIATE REGRESSION ANALYSIS,ODDS RATIO (OR) 0.93 [0.63–1.36],0.10638297872340426
MULTIVARIATE REGRESSION ANALYSIS,TIMING OF SURGERY,0.10638297872340426
MULTIVARIATE REGRESSION ANALYSIS,PREOPERATIVE FACTORS,0.10638297872340426
MULTIVARIATE REGRESSION ANALYSIS,SMOKING,0.10638297872340426
MULTIVARIATE REGRESSION ANALYSIS,COMORBIDITY,0.10638297872340426
MULTIVARIATE REGRESSION ANALYSIS,MEDICATION (GENERAL),0.10638297872340426
MULTIVARIATE REGRESSION ANALYSIS,AGE,0.10638297872340426
MULTIVARIATE REGRESSION ANALYSIS,SEX,0.10638297872340426
BLOOD PRESSURE,CARDIOVASCULAR AND METABOLIC RISK,0.10638297872340426
BLOOD PRESSURE,STUDY OF HEALTH IN POMERANIA,0.10638297872340426
BLOOD PRESSURE,LINEAR REGRESSION,0.10638297872340426
BLOOD PRESSURE,SYSTOLIC BLOOD PRESSURE,0.10638297872340426
BLOOD PRESSURE,DIASTOLIC BLOOD PRESSURE,0.10638297872340426
BLOOD PRESSURE,MEAN ARTERIAL PRESSURE,0.10638297872340426
BLOOD PRESSURE,ADULTS AGED 20-81,0.10638297872340426
BLOOD PRESSURE,CMV ANTIBODY TITERS,0.10638297872340426
STUDY OF HEALTH IN POMERANIA,ADULTS AGED 20-81,0.03723404255319149
STUDY OF HEALTH IN POMERANIA,FIVE-YEAR PERIOD,0.03723404255319149
SYSTOLIC BLOOD PRESSURE,CARDIAC PARAMETERS,0.014893617021276596
SYSTOLIC BLOOD PRESSURE,ONE-KILOGRAM WEIGHT CHANGE,0.014893617021276596
SYSTOLIC BLOOD PRESSURE,PROSPECTIVE COHORT STUDY,0.014893617021276596
SYSTOLIC BLOOD PRESSURE,METABOLIC CONTROL,0.014893617021276596
SYSTOLIC BLOOD PRESSURE,METABOLIC OUTCOMES,0.014893617021276596
DIASTOLIC BLOOD PRESSURE,ONE-KILOGRAM WEIGHT CHANGE,0.03723404255319149
DIASTOLIC BLOOD PRESSURE,GLS ≤ 18.5 SUBGROUP,0.03723404255319149
MEAN ARTERIAL PRESSURE,ONE-KILOGRAM WEIGHT CHANGE,0.07446808510638298
REPERFUSION,CARDIAC DAMAGE (MYOCARDIAL INJURY),0.28368794326241137
REPERFUSION,24 HOUR REPERFUSION PERIOD,0.28368794326241137
REPERFUSION,24-HOUR REPERFUSION,0.28368794326241137
BIPOLAR DISORDER,STUDY (DOCUMENT ID 25451436),0.0851063829787234
BIPOLAR DISORDER,PENTRAXIN 3,0.0851063829787234
BIPOLAR DISORDER,LINEAR REGRESSION MODELS,0.0851063829787234
BIPOLAR DISORDER,LOGISTIC REGRESSION MODELS,0.0851063829787234
BIPOLAR DISORDER,NON-PSYCHIATRIC CONTROLS,0.0851063829787234
BIPOLAR DISORDER,INNATE IMMUNITY,0.0851063829787234
BIPOLAR DISORDER,IMMUNOLOGIC ABNORMALITIES,0.0851063829787234
BIPOLAR DISORDER,LOW PENTRAXIN 3 LEVELS,0.0851063829787234
BIPOLAR DISORDER,HIGH PENTRAXIN 3 LEVELS,0.0851063829787234
BIPOLAR DISORDER,PENTRAXIN 3 STUDY,0.0851063829787234
PENTRAXIN 3,INNATE IMMUNITY,0.009929078014184398
PENTRAXIN 3,LINEAR REGRESSION MODELS,0.009929078014184398
PENTRAXIN 3,LOGISTIC REGRESSION MODELS,0.009929078014184398
PENTRAXIN 3,LOW PENTRAXIN 3 LEVELS,0.009929078014184398
PENTRAXIN 3,HIGH PENTRAXIN 3 LEVELS,0.009929078014184398
PENTRAXIN 3,PENTRAXIN 3 STUDY,0.009929078014184398
LINEAR REGRESSION MODELS,PENTRAXIN 3 STUDY,0.059574468085106386
LOGISTIC REGRESSION MODELS,ODDS RATIO (OR),0.004582651391162029
LOGISTIC REGRESSION MODELS,CROSS-SECTIONAL STUDY,0.004582651391162029
LOGISTIC REGRESSION MODELS,AGE-STRATIFIED ANALYSIS,0.004582651391162029
LOGISTIC REGRESSION MODELS,ALCOHOL ABUSE,0.004582651391162029
LOGISTIC REGRESSION MODELS,ILLICIT DRUG ABUSE,0.004582651391162029
LOGISTIC REGRESSION MODELS,MARIJUANA/HASHISH ABUSE,0.004582651391162029
LOGISTIC REGRESSION MODELS,COMORBID ALCOHOL AND ILLICIT DRUG ABUSE,0.004582651391162029
LOGISTIC REGRESSION MODELS,ALCOHOL DEPENDENCE,0.004582651391162029
LOGISTIC REGRESSION MODELS,ILLICIT DRUG DEPENDENCE,0.004582651391162029
LOGISTIC REGRESSION MODELS,MARIJUANA/HASHISH DEPENDENCE,0.004582651391162029
LOGISTIC REGRESSION MODELS,COMORBID ALCOHOL AND ILLICIT DRUG DEPENDENCE,0.004582651391162029
LOGISTIC REGRESSION MODELS,PENTRAXIN 3 STUDY,0.004582651391162029
LOGISTIC REGRESSION MODELS,QUARTILE ANALYSIS,0.004582651391162029
NON-PSYCHIATRIC CONTROLS,PENTRAXIN 3,0.029787234042553193
NON-PSYCHIATRIC CONTROLS,PENTRAXIN 3 STUDY,0.029787234042553193
SUPEROXIDE DISMUTASE (SOD),MALONDIALDEHYDE (MDA),0.14184397163120568
SUPEROXIDE DISMUTASE (SOD),OXIDATIVE STRESS,0.14184397163120568
SUPEROXIDE DISMUTASE (SOD),CA1 HIPPOCAMPAL OXIDATIVE DAMAGE,0.14184397163120568
SUPEROXIDE DISMUTASE (SOD),CONTROL GROUP,0.14184397163120568
SUPEROXIDE DISMUTASE (SOD),BIOCHEMISTRY ANALYSIS,0.14184397163120568
SUPEROXIDE DISMUTASE (SOD),SERUM ANTIOXIDANT ENZYMES,0.14184397163120568
SERUM ANTIOXIDANT ENZYMES,HEALTHY VOLUNTEERS,0.04964539007092198
SERUM ANTIOXIDANT ENZYMES,AF INTENSITY,0.04964539007092198
MIGRATION,TUMOR MICROENVIRONMENT,0.28368794326241137
MIGRATION,MIGRATION ASSAY,0.28368794326241137
MIGRATION,EPITHELIAL-MESENCHYMAL TRANSITION,0.28368794326241137
TUMOR MICROENVIRONMENT,NK CELL DYSFUNCTION,0.03309692671394799
TUMOR MICROENVIRONMENT,MYELOID-DERIVED SUPPRESSOR CELLS (MDSCS),0.03309692671394799
TUMOR MICROENVIRONMENT,CD4+ T CELLS,0.03309692671394799
TUMOR MICROENVIRONMENT,CD8+ T CELLS,0.03309692671394799
TUMOR MICROENVIRONMENT,MACROPHAGES,0.03309692671394799
TUMOR MICROENVIRONMENT,IMMUNOLOGIC MARKERS,0.03309692671394799
MIGRATION ASSAY,CELL MIGRATION,0.09929078014184396
MIGRATION ASSAY,ACHN CELLS,0.09929078014184396
ARTERIAL STIFFNESS,TYPE 2 DIABETES,0.06546644844517185
ARTERIAL STIFFNESS,COGNITIVE IMPAIRMENT,0.06546644844517185
ARTERIAL STIFFNESS,DEMENTIA,0.06546644844517185
ARTERIAL STIFFNESS,AUGMENTATION INDEX (AIX),0.06546644844517185
ARTERIAL STIFFNESS,PULSE WAVE VELOCITY (PWV),0.06546644844517185
ARTERIAL STIFFNESS,THE STUDY,0.06546644844517185
ARTERIAL STIFFNESS,INVASIVE PULSE WAVE VELOCITY,0.06546644844517185
ARTERIAL STIFFNESS,DIABETES,0.06546644844517185
ARTERIAL STIFFNESS,ISOLATED SYSTOLIC HYPERTENSION,0.06546644844517185
ARTERIAL STIFFNESS,INVASIVE PULSE PRESSURE,0.06546644844517185
ARTERIAL STIFFNESS,AUGMENTATION INDEX,0.06546644844517185
ARTERIAL STIFFNESS,COHORT OF 285 TREATMENT-NAÏVE HYPERTENSIVE EUTHYROID PATIENTS,0.06546644844517185
ARTERIAL STIFFNESS,CAROTID-FEMORAL PULSE WAVE VELOCITY (CFPWV),0.06546644844517185
AUGMENTATION INDEX (AIX),SPHYGMOCOR SYSTEM,0.022913256955810146
AUGMENTATION INDEX (AIX),PULSE WAVE VELOCITY (PWV),0.022913256955810146
PULSE WAVE VELOCITY (PWV),SPHYGMOCOR SYSTEM,0.004582651391162029
PULSE WAVE VELOCITY (PWV),COMPLIOR,0.004582651391162029
PULSE WAVE VELOCITY (PWV),GROUP B (WITH EVENTS),0.004582651391162029
PULSE WAVE VELOCITY (PWV),RESPONDERS,0.004582651391162029
PULSE WAVE VELOCITY (PWV),UNCONTROLLED HYPERTENSION,0.004582651391162029
PULSE WAVE VELOCITY (PWV),NORMOTENSION / CONTROLLED HYPERTENSION,0.004582651391162029
PULSE WAVE VELOCITY (PWV),BLOOD PRESSURE (BP) CONTROL,0.004582651391162029
PULSE WAVE VELOCITY (PWV),HEMODYNAMIC CHARACTERISTICS,0.004582651391162029
PULSE WAVE VELOCITY (PWV),HEMODYNAMIC MEASUREMENTS,0.004582651391162029
PULSE WAVE VELOCITY (PWV),ODDS RATIO (OR),0.004582651391162029
INVASIVE PULSE WAVE VELOCITY,BLOOD PRESSURE,0.022913256955810146
INVASIVE PULSE WAVE VELOCITY,THE STUDY,0.022913256955810146
ISOLATED SYSTOLIC HYPERTENSION,INCREASED ARTERIAL STIFFNESS (HIGH PWV GROUP),0.04582651391162029
INVASIVE PULSE PRESSURE,INCREASED ARTERIAL STIFFNESS (HIGH PWV GROUP),0.04582651391162029
AUGMENTATION INDEX,CENTRAL SYSTOLIC BLOOD PRESSURE (CENTRAL SBP),0.022913256955810146
AUGMENTATION INDEX,MULTIVARIATE ANALYSES,0.022913256955810146
CAROTID-FEMORAL PULSE WAVE VELOCITY (CFPWV),ESTIMATED CF PWV (EPWV / EPWV),0.011456628477905073
CAROTID-FEMORAL PULSE WAVE VELOCITY (CFPWV),BASELINE ASSESSMENT 1993,0.011456628477905073
CAROTID-FEMORAL PULSE WAVE VELOCITY (CFPWV),CARDIOVASCULAR RISK,0.011456628477905073
CAROTID-FEMORAL PULSE WAVE VELOCITY (CFPWV),AGEING,0.011456628477905073
RECURRENCE,FOLLOW-UP,0.28368794326241137
RECURRENCE,PROGNOSIS,0.28368794326241137
RECURRENCE,RECQL1-HIGH EXPRESSION,0.28368794326241137
POSTOPERATIVE PERIOD,SURGERY,0.2127659574468085
POSTOPERATIVE PERIOD,WOUND HEALING,0.2127659574468085
POSTOPERATIVE PERIOD,SURGICAL WOUND INSPECTION AND PALPATION,0.2127659574468085
POSTOPERATIVE PERIOD,UPPER-LIMB CIRCUMFERENCE MEASUREMENTS,0.2127659574468085
SURGERY,ADENOMA RECURRENCE,0.03723404255319149
SURGERY,RESIDUAL ADENOMA,0.03723404255319149
SURGERY,ORTHOTIC TREATMENT_SUCCESS,0.03723404255319149
SURGERY,RECOVERY FROM SURGERY,0.03723404255319149
WOUND HEALING,SURGICAL WOUNDS,0.07446808510638298
WOUND HEALING,SKIN INJURY,0.07446808510638298
SURGICAL WOUND INSPECTION AND PALPATION,PREOPERATIVE PERIOD,0.14893617021276595
UPPER-LIMB CIRCUMFERENCE MEASUREMENTS,PREOPERATIVE PERIOD,0.14893617021276595
DIRECT SEQUENCING,THIS STUDY / REPORT,0.12158054711246201
DIRECT SEQUENCING,MUTATION ANALYSIS,0.12158054711246201
DIRECT SEQUENCING,GENETIC SCREENING STUDY,0.12158054711246201
DIRECT SEQUENCING,GENETIC VARIATION,0.12158054711246201
DIRECT SEQUENCING,SEQUENCE ANALYSIS,0.12158054711246201
DIRECT SEQUENCING,GENOTYPING,0.12158054711246201
DIRECT SEQUENCING,STUDY,0.12158054711246201
THIS STUDY / REPORT,SAMPLE COLLECTION (NINE CGCL SAMPLES),0.0851063829787234
GENETIC SCREENING STUDY,GENETIC VARIATION,0.0851063829787234
GENETIC VARIATION,SDHX,0.028368794326241134
GENETIC VARIATION,PIED FLYCATCHER (FICEDULA HYPOLEUCA),0.028368794326241134
GENETIC VARIATION,PUTATIVE METHYLATION-ASSOCIATED POLYMORPHISMS,0.028368794326241134
SEQUENCE ANALYSIS,PCR AMPLICONS,0.028368794326241134
SEQUENCE ANALYSIS,PHYLOGENETIC ANALYSIS,0.028368794326241134
SEQUENCE ANALYSIS,SAMPLE_SCREENING_EVENT,0.028368794326241134
HEALTHY VOLUNTEERS,ITL6,0.425531914893617
HEALTHY VOLUNTEERS,ITL8,0.425531914893617
INTERLEUKIN-10 (IL-10),ELISA,0.2127659574468085
INTERLEUKIN-10 (IL-10),BIOPLEX ASSAY,0.2127659574468085
INTERLEUKIN-10 (IL-10),SURVIVAL OUTCOME (SURVIVORS VS NON-SURVIVORS),0.2127659574468085
INTERLEUKIN-10 (IL-10),HEALTHY CONTROLS,0.2127659574468085
TUMOR GROWTH,RNAI-MEDIATED STABLE GENE KNOCKDOWN,0.14184397163120568
TUMOR GROWTH,CELL PROLIFERATION,0.14184397163120568
TUMOR GROWTH,ANIMAL SURVIVAL,0.14184397163120568
TUMOR GROWTH,NAIF1 OVEREXPRESSION,0.14184397163120568
TUMOR GROWTH,NUDE MICE XENOGRAFT MODELS,0.14184397163120568
TUMOR GROWTH,SURVIVAL RATE,0.14184397163120568
RNAI-MEDIATED STABLE GENE KNOCKDOWN,ORTHOTOPIC AND LUNG METASTASIS MOUSE MODELS,0.04964539007092198
RNAI-MEDIATED STABLE GENE KNOCKDOWN,ATC CELL LINES,0.04964539007092198
ANIMAL SURVIVAL,IN VIVO ANALYSIS,0.09929078014184396
NAIF1 OVEREXPRESSION,CELL VIABILITY,0.09929078014184396
SURVIVAL RATE,RADIOSENSITIVITY,0.03309692671394799
SURVIVAL RATE,IRRADIATION,0.03309692671394799
SURVIVAL RATE,METASTATIC DISEASE,0.03309692671394799
PAIN,PAIN CONTROL AND MANAGEMENT,0.12158054711246201
PAIN,WORSE‑THAN‑EXPECTED GROUP,0.12158054711246201
PAIN,DYSPNOEA-PAIN COUNTER-IRRITATION,0.12158054711246201
PAIN,EFFECTIVE STRETCH,0.12158054711246201
PAIN,REGRESSION MODEL PREDICTING FATIGUE,0.12158054711246201
PAIN,STEROID GROUP,0.12158054711246201
PAIN,BASELINE,0.12158054711246201
DYSPNOEA-PAIN COUNTER-IRRITATION,PRESSURE PAIN THRESHOLD,0.0851063829787234
STEROID GROUP,RANDOMIZATION,0.028368794326241134
STEROID GROUP,FOURTH WEEK,0.028368794326241134
STEROID GROUP,TWELFTH WEEK,0.028368794326241134
BASELINE,MRSA INFECTION RATE DECREASE (65%),0.0851063829787234
PRESSURE PAIN THRESHOLD,HEALTHY FEMALE PARTICIPANTS,0.004582651391162029
PRESSURE PAIN THRESHOLD,INJECTION,0.004582651391162029
PRESSURE PAIN THRESHOLD,PAIN SENSITIVITY,0.004582651391162029
PRESSURE PAIN THRESHOLD,HANDHELD ALGOMETER,0.004582651391162029
PRESSURE PAIN THRESHOLD,HEALTHY VOLUNTEERS,0.004582651391162029
PRESSURE PAIN THRESHOLD,NON-INVASIVE VENTILATION (NIV),0.004582651391162029
PRESSURE PAIN THRESHOLD,PATIENTS WITH CHRONIC RESPIRATORY FAILURE DUE TO ALS,0.004582651391162029
PRESSURE PAIN THRESHOLD,ITL6,0.004582651391162029
PRESSURE PAIN THRESHOLD,ITL8,0.004582651391162029
PRESSURE PAIN THRESHOLD,EXPERIMENTAL DYSPNOEA,0.004582651391162029
PRESSURE PAIN THRESHOLD,BASELINE,0.004582651391162029
PRESSURE PAIN THRESHOLD,NIV30,0.004582651391162029
PRESSURE PAIN THRESHOLD,NIV60,0.004582651391162029
SURGICAL RESECTION,PREOPERATIVE SUSPICION OF MALIGNANCY,0.2127659574468085
SURGICAL RESECTION,PATHOLOGIC CORRELATION,0.2127659574468085
SURGICAL RESECTION,PATIENTS,0.2127659574468085
SURGICAL RESECTION,EARLY-STAGE CANCERS,0.2127659574468085
PREOPERATIVE SUSPICION OF MALIGNANCY,TUMOUR SIZE,0.14893617021276595
INFLAMMATORY RESPONSE,INTERLEUKIN-1-BETA,0.2127659574468085
INFLAMMATORY RESPONSE,TUMOUR NECROSIS FACTOR-ALPHA,0.2127659574468085
INFLAMMATORY RESPONSE,GRAFT FAILURE,0.2127659574468085
INFLAMMATORY RESPONSE,SHOCK WAVE THERAPY (SWT),0.2127659574468085
INTERLEUKIN-1-BETA,CYTOKINES,0.14893617021276595
TUMOUR NECROSIS FACTOR-ALPHA,CYTOKINES,0.14893617021276595
GRAFT FAILURE,RENAL TRANSPLANTATION,0.04964539007092198
GRAFT FAILURE,MECHANICAL TESTING,0.04964539007092198
GRAFT FAILURE,MECHANICAL LOADING (INCREASING TENSION),0.04964539007092198
SHOCK WAVE THERAPY (SWT),REEPITHELIALIZATION,0.009929078014184398
SHOCK WAVE THERAPY (SWT),REPOPULATION WITH RECIPIENT CELLS,0.009929078014184398
SHOCK WAVE THERAPY (SWT),MACROPHAGE INFILTRATION,0.009929078014184398
SHOCK WAVE THERAPY (SWT),MACROPHAGE POLARIZATION TO M2,0.009929078014184398
SHOCK WAVE THERAPY (SWT),OSTEOCLASTIC ACTIVITY,0.009929078014184398
SHOCK WAVE THERAPY (SWT),CALCIFICATION,0.009929078014184398
SHOCK WAVE THERAPY (SWT),MACROPHAGE MIGRATION INHIBITORY FACTOR (MIF),0.009929078014184398
SHOCK WAVE THERAPY (SWT),MACROPHAGE INFLAMMATORY PROTEIN 1Β (MIP‑1Β),0.009929078014184398
SHOCK WAVE THERAPY (SWT),CD40 LIGAND,0.009929078014184398
SHOCK WAVE THERAPY (SWT),COMPLEMENT C5/C5A,0.009929078014184398
SHOCK WAVE THERAPY (SWT),TUMOUR NECROSIS FACTOR ALPHA (TNF‑Α),0.009929078014184398
SHOCK WAVE THERAPY (SWT),INTERLEUKIN 6 (IL‑6),0.009929078014184398
SHOCK WAVE THERAPY (SWT),ENDOTHELIAL CELLS (ECS),0.009929078014184398
SHOCK WAVE THERAPY (SWT),TREATMENT GROUP (SWT GROUP),0.009929078014184398
SHOCK WAVE THERAPY (SWT),CONTROL GROUP (CTR),0.009929078014184398
INFRA-RENAL AORTIC OCCLUSION (CROSS-CLAMP),RODENT AORTIC OCCLUSION MODEL,0.11914893617021277
TUMOR NECROSIS FACTOR ALPHA (TNF-ALPHA),INFLAMMATORY MARKERS,0.11914893617021277
MYELOPEROXIDASE-POSITIVE CELLS,MYELOPEROXIDASE (MPO),0.03971631205673759
MYELOPEROXIDASE-POSITIVE CELLS,NEUTROPHIL INFILTRATION,0.03971631205673759
MYELOPEROXIDASE-POSITIVE CELLS,INFLAMMATORY MARKERS,0.03971631205673759
RODENT AORTIC OCCLUSION MODEL,WISTAR RATS,0.08340425531914894
WISTAR RATS,PROOF-OF-CONCEPT STUDY,0.01946099290780142
WISTAR RATS,TREATED GROUP,0.01946099290780142
WISTAR RATS,CONTROL GROUP,0.01946099290780142
CELL CULTURE,MICRONEUTRALISATION,0.28368794326241137
CELL CULTURE,RAT PATELLAR TENDON-DERIVED TENOCYTES,0.28368794326241137
CELL CULTURE,RIN-5F CELLS,0.28368794326241137
CELL CYCLE,FLOW CYTOMETRY,0.2127659574468085
CELL CYCLE,TLK2,0.2127659574468085
CELL CYCLE,KINASE,0.2127659574468085
CELL CYCLE,TRASTUZUMAB-MEDIATED GROWTH SUPPRESSION,0.2127659574468085
KINASE,TLK2,0.14893617021276595
ANGIOGENESIS,MICROVASCULAR ENDOTHELIAL MICROPARTICLES (MEMPS),0.425531914893617
ANGIOGENESIS,TF-POOR MEMPS (FROM TF-SILENCED MECS),0.425531914893617
MICROVASCULAR ENDOTHELIAL MICROPARTICLES (MEMPS),ACTIVATED MICROVASCULAR ENDOTHELIAL CELLS (MECS),0.14893617021276595
MICROVASCULAR ENDOTHELIAL MICROPARTICLES (MEMPS),NEIGHBORING ENDOTHELIAL CELLS (MICROVASCULAR ENDOTHELIAL CELLS (MECS)),0.14893617021276595
TF-POOR MEMPS (FROM TF-SILENCED MECS),TF-SILENCED MECS,0.2978723404255319
GENDER,BASE PREDICTIVE MODEL,0.851063829787234
PUBMED,PUBMED SEARCH (EVENT),0.14184397163120568
PUBMED,SCORING SYSTEM,0.14184397163120568
PUBMED,COMPREHENSIVE PUBMED LITERATURE SEARCH,0.14184397163120568
PUBMED,META-ANALYSIS,0.14184397163120568
PUBMED,META-ANALYSES,0.14184397163120568
PUBMED,PEER-REVIEWED PUBLICATIONS,0.14184397163120568
SCORING SYSTEM,POST-ANALYTICAL STAGE,0.02482269503546099
SCORING SYSTEM,IHC ANALYSIS RESULTS,0.02482269503546099
SCORING SYSTEM,SIX MAJOR APPROACHES,0.02482269503546099
SCORING SYSTEM,COMPREHENSIVE PUBMED LITERATURE SEARCH,0.02482269503546099
COMPREHENSIVE PUBMED LITERATURE SEARCH,773 ARTICLES IDENTIFIED,0.09929078014184396
META-ANALYSIS,RANDOMIZED CONTROLLED TRIALS,0.02206461780929866
META-ANALYSIS,CLINICAL CONTROLLED TRIALS,0.02206461780929866
META-ANALYSIS,RADICAL RESECTION,0.02206461780929866
META-ANALYSIS,HAZARD RATIO (HR),0.02206461780929866
META-ANALYSIS,P VALUE,0.02206461780929866
META-ANALYSIS,RELATIVE RISK (RR),0.02206461780929866
META-ANALYSIS,SURVIVAL RATE OF RESTORATIONS,0.02206461780929866
META-ANALYSIS,QUANTITATIVE ANALYSIS,0.02206461780929866
META-ANALYSIS,META-ANALYSIS RESULT,0.02206461780929866
META-ANALYSES,DISSEMINATION BIAS,0.03309692671394799
META-ANALYSES,RANDOM-EFFECTS MODEL,0.03309692671394799
META-ANALYSES,INCLUDED ORIGINAL STUDIES (UP TO AUGUST 2015),0.03309692671394799
PEER-REVIEWED PUBLICATIONS,RESIDENTS,0.02482269503546099
PEER-REVIEWED PUBLICATIONS,JOURNAL IMPACT FACTOR,0.02482269503546099
PEER-REVIEWED PUBLICATIONS,CITATION RATE,0.02482269503546099
PEER-REVIEWED PUBLICATIONS,ELIGIBLE PUBLICATIONS,0.02482269503546099
773 ARTICLES IDENTIFIED,MANUAL ANALYSIS,0.06950354609929077
MANUAL ANALYSIS,120 ARTICLES SELECTED,0.048652482269503534
GLIOMA,VERSICAN V0/V1,0.2127659574468085
GLIOMA,TLR2 NEUTRALIZING ANTIBODY,0.2127659574468085
GLIOMA,TLR2,0.2127659574468085
GLIOMA,IN VIVO STUDIES,0.2127659574468085
VERSICAN V0/V1,RNA INTERFERENCE (SIRNA/SHRNA) APPROACHES,0.03723404255319149
VERSICAN V0/V1,PROTEOMICS,0.03723404255319149
VERSICAN V0/V1,SHORT INTERFERING RNA (SIRNA),0.03723404255319149
VERSICAN V0/V1,SHORT HAIRPIN RNA (SHRNA),0.03723404255319149
TLR2,VERSICAN V0/V1,0.07446808510638298
TLR2,ASTROCYTES,0.07446808510638298
IN VIVO STUDIES,INJECTION INTO MOUSE BRAINS,0.14893617021276595
EMBASE,META-ANALYSIS,0.14184397163120568
EMBASE,META-ANALYSIS (CURRENT STUDY),0.14184397163120568
EMBASE,COMORBIDITY INDICES,0.14184397163120568
EMBASE,LITERATURE SEARCH,0.14184397163120568
EMBASE,SYSTEMATIC REVIEW AND META-ANALYSIS,0.14184397163120568
EMBASE,SEARCH STRATEGY,0.14184397163120568
COMORBIDITY INDICES,MORBIDITY-RELATED OUTCOMES,0.019858156028368795
COMORBIDITY INDICES,C-STATISTIC,0.019858156028368795
COMORBIDITY INDICES,R-SQUARED (R(2)),0.019858156028368795
COMORBIDITY INDICES,SYSTEMATIC REVIEW,0.019858156028368795
COMORBIDITY INDICES,DEVELOPMENT OR VALIDATION STUDIES,0.019858156028368795
LITERATURE SEARCH,SYSTEMATIC REVIEW,0.04964539007092198
LITERATURE SEARCH,METHODOLOGICAL ARTICLES,0.04964539007092198
SYSTEMATIC REVIEW AND META-ANALYSIS,RANDOM-EFFECTS MODEL,0.02482269503546099
SYSTEMATIC REVIEW AND META-ANALYSIS,DIABETES,0.02482269503546099
SYSTEMATIC REVIEW AND META-ANALYSIS,VENOUS THROMBOEMBOLISM (VTE),0.02482269503546099
SYSTEMATIC REVIEW AND META-ANALYSIS,COHORT STUDIES,0.02482269503546099
LIPOPOLYSACCHARIDE (LPS),TLR4,0.030395136778115502
LIPOPOLYSACCHARIDE (LPS),INFLAMMATION,0.030395136778115502
LIPOPOLYSACCHARIDE (LPS),IN VITRO STUDY,0.030395136778115502
LIPOPOLYSACCHARIDE (LPS),INTERLEUKIN-6 (IL-6) PRODUCTION,0.030395136778115502
LIPOPOLYSACCHARIDE (LPS),TOLL-LIKE RECEPTOR 2 (TLR2),0.030395136778115502
LIPOPOLYSACCHARIDE (LPS),TOLL-LIKE RECEPTOR 4 (TLR4),0.030395136778115502
LIPOPOLYSACCHARIDE (LPS),NUCLEAR FACTOR-ΚB (NF-ΚB) PHOSPHORYLATION,0.030395136778115502
LIPOPOLYSACCHARIDE (LPS),P38 MITOGEN-ACTIVATED PROTEIN KINASE (P38 MAPK) PHOSPHORYLATION,0.030395136778115502
LIPOPOLYSACCHARIDE (LPS),C-JUN N-TERMINAL KINASE (JNK) PHOSPHORYLATION,0.030395136778115502
LIPOPOLYSACCHARIDE (LPS),INNATE IMMUNE RESPONSE,0.030395136778115502
LIPOPOLYSACCHARIDE (LPS),PRO-INFLAMMATORY CYTOKINES (MOLECULES),0.030395136778115502
LIPOPOLYSACCHARIDE (LPS),LPS-INDUCED PRECONDITIONING,0.030395136778115502
LIPOPOLYSACCHARIDE (LPS),INTRAPERITONEAL INJECTION (IP),0.030395136778115502
LIPOPOLYSACCHARIDE (LPS),MATRIX METALLOPROTEINASE 9 (MMP-9),0.030395136778115502
LIPOPOLYSACCHARIDE (LPS),NEURONAL DEATH,0.030395136778115502
LIPOPOLYSACCHARIDE (LPS),APOPTOSIS,0.030395136778115502
LIPOPOLYSACCHARIDE (LPS),BRAIN WATER CONTENT,0.030395136778115502
LIPOPOLYSACCHARIDE (LPS),INTRAPERITONEAL INJECTION,0.030395136778115502
LIPOPOLYSACCHARIDE (LPS),RAT SAH MODEL,0.030395136778115502
LIPOPOLYSACCHARIDE (LPS),HYPOZINCEMIA,0.030395136778115502
LIPOPOLYSACCHARIDE (LPS),PRENATAL LPS EXPOSURE (GD 9.5),0.030395136778115502
LIPOPOLYSACCHARIDE (LPS),BEHAVIORAL AND NEUROIMMUNE CHANGES,0.030395136778115502
LIPOPOLYSACCHARIDE (LPS),HYPOTHALAMIC-PITUITARY-ADRENAL (HPA) AXIS,0.030395136778115502
LIPOPOLYSACCHARIDE (LPS),GRAM-NEGATIVE BACTERIA,0.030395136778115502
LIPOPOLYSACCHARIDE (LPS),ZINC SULFATE (ZNSO4),0.030395136778115502
LIPOPOLYSACCHARIDE (LPS),STRIATAL NOREPINEPHRINE TURNOVER,0.030395136778115502
LIPOPOLYSACCHARIDE (LPS),INTRAPERITONEAL ADMINISTRATION,0.030395136778115502
LIPOPOLYSACCHARIDE (LPS),MATERNAL IMMUNE ACTIVATION (MIA),0.030395136778115502
ANEMIA,30-DAY POSTOPERATIVE MORTALITY,0.03700277520814061
ANEMIA,30-DAY POSTOPERATIVE MORBIDITY,0.03700277520814061
ANEMIA,HEMATOCRIT LEVEL / HEMOGLOBIN (BIOCHEMICAL THRESHOLD),0.03700277520814061
ANEMIA,UNIVARIATE ANALYSIS,0.03700277520814061
ANEMIA,OVERALL SURVIVAL,0.03700277520814061
ANEMIA,ACUTE ISCHEMIC STROKE (AIS),0.03700277520814061
ANEMIA,HEMOGLOBIN STATUS / HEMOGLOBIN LEVELS,0.03700277520814061
ANEMIA,STROKE SEVERITY,0.03700277520814061
ANEMIA,MODIFIED RANKIN SCORE (MRS),0.03700277520814061
ANEMIA,MORTALITY,0.03700277520814061
ANEMIA,C-REACTIVE PROTEIN (CRP),0.03700277520814061
ANEMIA,ESTIMATED GLOMERULAR FILTRATION RATE (EGFR),0.03700277520814061
ANEMIA,CORONARY ARTERY DISEASE (CAD),0.03700277520814061
ANEMIA,ATRIAL FIBRILLATION,0.03700277520814061
ANEMIA,DIABETES MELLITUS,0.03700277520814061
ANEMIA,PERIPHERAL ARTERY DISEASE (PAD),0.03700277520814061
ANEMIA,BODY MASS INDEX (BMI),0.03700277520814061
ANEMIA,SYSTOLIC BLOOD PRESSURE,0.03700277520814061
ANEMIA,DIASTOLIC BLOOD PRESSURE,0.03700277520814061
ANEMIA,7-DAY MORTALITY,0.03700277520814061
ANEMIA,3-MONTH MORTALITY,0.03700277520814061
ANEMIA,12-MONTH MORTALITY,0.03700277520814061
ANEMIA,RENAL DYSFUNCTION,0.03700277520814061
P53,ABNORMAL IMMUNOLABELING,0.04052684903748734
P53,P53 3'UTR,0.04052684903748734
P53,PROLIFERATION,0.04052684903748734
P53,METASTASIS,0.04052684903748734
P53,CELL CYCLE TRANSITION,0.04052684903748734
P53,HEPATOMA TISSUES,0.04052684903748734
P53,HEPATOMA CELL LINES,0.04052684903748734
P53,EGFP REPORTER ASSAYS,0.04052684903748734
P53,DUAL-LUCIFERASE REPORTER ASSAY,0.04052684903748734
P53,REAL-TIME PCR,0.04052684903748734
P53,WESTERN BLOT ANALYSIS,0.04052684903748734
P53,ECTOPIC EXPRESSION,0.04052684903748734
P53,PROMOTER ACTIVITY,0.04052684903748734
P53,TARGET GENE,0.04052684903748734
P53,P21,0.04052684903748734
P53,SOMATIC CELL REPROGRAMMING,0.04052684903748734
P53,IMMUNOHISTOCHEMISTRY,0.04052684903748734
P53,CANCERS,0.04052684903748734
P53,TP53,0.04052684903748734
P53,GERMLINE POLYMORPHISMS,0.04052684903748734
P53,TP53 PRO72ARG POLYMORPHISM,0.04052684903748734
ESOPHAGECTOMY,NEOADJUVANT THERAPY,0.05006257822277848
ESOPHAGECTOMY,ESOPHAGEAL CANCER,0.05006257822277848
ESOPHAGECTOMY,TRANSTHORACIC APPROACH,0.05006257822277848
ESOPHAGECTOMY,TRANSHIATAL APPROACH,0.05006257822277848
ESOPHAGECTOMY,INTESTINAL INTERPOSITION,0.05006257822277848
ESOPHAGECTOMY,HOSPITAL MORTALITY,0.05006257822277848
ESOPHAGECTOMY,LENGTH OF STAY,0.05006257822277848
ESOPHAGECTOMY,PATIENTS,0.05006257822277848
ESOPHAGECTOMY,PATHOLOGIC COMPLETE RESPONSE,0.05006257822277848
ESOPHAGECTOMY,SURGICAL MORBIDITY,0.05006257822277848
ESOPHAGECTOMY,EIGHTY-EIGHT PATIENTS,0.05006257822277848
ESOPHAGECTOMY,LYMPHADENECTOMY,0.05006257822277848
ESOPHAGECTOMY,STUDY COHORT EXAMINATION,0.05006257822277848
ESOPHAGECTOMY,STUDY COHORT (JAN 2006–DEC 2012),0.05006257822277848
ESOPHAGECTOMY,OVERALL SURVIVAL (OS),0.05006257822277848
ESOPHAGECTOMY,MORBIDITY,0.05006257822277848
ESOPHAGECTOMY,MORTALITY,0.05006257822277848
SEPSIS,APACHE II SCORE,0.047281323877068564
SEPSIS,TOTAL BURN AREA,0.047281323877068564
SEPSIS,FULL-THICKNESS BURN AREA,0.047281323877068564
SEPSIS,PLASMA CALCIUM CONCENTRATION,0.047281323877068564
SEPSIS,PLASMA ALBUMIN CONCENTRATION,0.047281323877068564
SEPSIS,HYPOVOLEMIC SHOCK,0.047281323877068564
SEPSIS,INHALATION INJURY,0.047281323877068564
SEPSIS,DISSEMINATED INTRAVASCULAR COAGULATION (DIC),0.047281323877068564
SEPSIS,MORTALITY,0.047281323877068564
SEPSIS,SEPSIS GROUP,0.047281323877068564
SEPSIS,NON-SEPSIS GROUP,0.047281323877068564
SEPSIS,AGE,0.047281323877068564
SEPSIS,GENDER,0.047281323877068564
SEPSIS,INTESTINAL MICROBIAL DYSBIOSIS,0.047281323877068564
SEPSIS,IMPAIRED GUT BARRIER FUNCTION,0.047281323877068564
SEPSIS,VISCERAL-TO-SUBCUTANEOUS ADIPOSE TISSUE RATIO,0.047281323877068564
SEPSIS,CAECAL-LIGATION AND PUNCTURE (CLP),0.047281323877068564
SEPSIS,LIVER SINUSOIDAL ENDOTHELIAL CELLS (LSECS),0.047281323877068564
TOLL-LIKE RECEPTOR 4 (TLR4),LIPOPOLYSACCHARIDE (LPS),0.05673758865248227
TOLL-LIKE RECEPTOR 4 (TLR4),INTERCELLULAR ADHESION MOLECULE 1 (ICAM1),0.05673758865248227
TOLL-LIKE RECEPTOR 4 (TLR4),BONE MORPHOGENETIC PROTEIN 2 (BMP2),0.05673758865248227
TOLL-LIKE RECEPTOR 4 (TLR4),ALKALINE PHOSPHATASE,0.05673758865248227
TOLL-LIKE RECEPTOR 4 (TLR4),P-38 MITOGEN-ACTIVATED PROTEIN KINASE (P-38 MAPK),0.05673758865248227
TOLL-LIKE RECEPTOR 4 (TLR4),NUCLEAR FACTOR-ΚB (NF-ΚB),0.05673758865248227
TOLL-LIKE RECEPTOR 4 (TLR4),TLR SIGNALING ACTIVATION,0.05673758865248227
TOLL-LIKE RECEPTOR 4 (TLR4),WESTERN BLOT ANALYSIS,0.05673758865248227
TOLL-LIKE RECEPTOR 4 (TLR4),INNATE IMMUNE RESPONSE,0.05673758865248227
TOLL-LIKE RECEPTOR 4 (TLR4),NUCLEAR FACTOR KAPPA-B (NF-ΚB),0.05673758865248227
TOLL-LIKE RECEPTOR 4 (TLR4),TUMOR NECROSIS FACTOR-ALPHA (TNF-Α),0.05673758865248227
TOLL-LIKE RECEPTOR 4 (TLR4),RT-PCR,0.05673758865248227
TOLL-LIKE RECEPTOR 4 (TLR4),WESTERN BLOT,0.05673758865248227
TOLL-LIKE RECEPTOR 4 (TLR4),PROINFLAMMATORY EXPRESSION,0.05673758865248227
TOLL-LIKE RECEPTOR 4 (TLR4),INNATE IMMUNE SIGNALING PATHWAY,0.05673758865248227
